District.Type,District.Number,name19.x,enrollment19,perc_white19,perc_frp19,name22.y,enrollment22,perc_white22,perc_frp22,name25.y,enrollment25,perc_white25,perc_frp25,math19,reading19,math22,reading22,name22.x,math25,reading25,name25.x,math_perc_19_22,math_perc_pt_19_22,math_perc_22_25,math_perc_pt_22_25,math_perc_19_25,math_perc_pt_19_25,reading_perc_19_22,reading_perc_pt_19_22,reading_perc_22_25,reading_perc_pt_22_25,reading_perc_19_25,reading_perc_pt_19_25,name19.y,filter_helper
1,111,Watertown-Mayer Public School Dist.,1552,94.27%,19.59%,Watertown-Mayer Public School District,1499,93.20%,15.74%,Watertown-Mayer Public School District,1440,91.04%,26.25%,63.01,64.35,48.54,56.38,Watertown-Mayer Public School District,62.38,61.94,Watertown-Mayer Public School District,-0.229646088,-0.1447,0.28512567,0.1384,-0.009998413,-0.63,-0.123853924,-0.0797,0.098616531,0.0556,-0.037451437,-2.41,Watertown-Mayer Public School District,-0.63
1,484,Pierz Public School District,1195,96.82%,34.31%,Pierz Public School District,1249,95.44%,24.82%,Pierz Public School District,1214,95.22%,27.51%,63.73,60.78,55.38,51.69,Pierz Public School District,65.35,64.19,Pierz Public School District,-0.131021497,-0.0835,0.180028891,0.0997,0.02541974,1.62,-0.149555775,-0.0909,0.241826272,0.125,0.056103982,3.41,Perz Public School District,3.41
1,2,Hill City Public School District,267,88.76%,62.92%,Hill City Public School District,246,85.37%,43.09%,Hill City Public School District,267,85.02%,58.05%,39.06,46.03,29.51,35.4,Hill City Public School District,29.27,33.33,Hill City Public School District,-0.244495648,-0.0955,-0.008132836,-0.0024,-0.250640041,-0.0979,-0.230936346,-0.1063,-0.058474576,-0.0207,-0.275907017,-0.127,Hill City Public School District,-0.0979
1,4,McGregor Public School District,480,74.38%,41.25%,McGregor Public School District,457,75.71%,36.32%,McGregor Public School District,414,78.99%,47.58%,33.33,49.43,32.6,41.4,McGregor Public School District,47.87,48.22,McGregor Public School District,-0.02190219,-0.0073,0.468404908,0.1527,0.436243624,0.1454,-0.162451952,-0.0803,0.1647343,0.0682,-0.024479061,-0.0121,McGregor Public School District,0.1454
1,94,Cloquet Public School District,2654,72.46%,42.50%,Cloquet Public School District,2646,71.69%,38.06%,Cloquet Public School District,2529,68.72%,42.39%,58.91,67.23,39.41,54,Cloquet Public School District,48.19,53.08,Cloquet Public School District,-0.33101341,-0.195,0.222786095,0.0878,-0.1819725,-10.72,-0.196787149,-0.1323,-0.017037037,-0.0092,-0.210471516,-14.15,Cloquet Public School District,-10.72
1,14,Fridley Public School District,3039,35.44%,64.53%,Fridley Public School District,2889,26.83%,61.58%,Fridley Public School District,2712,22.68%,69.84%,37.84,44.25,21.51,32.5,Fridley Public School District,30.18,33.82,Fridley Public School District,-0.431553911,-0.1633,0.40306834,0.0867,-0.20243129,-7.66,-0.265536723,-0.1175,0.040615385,0.0132,-0.235706215,-10.43,Fridley Public School District,-7.66
1,704,Proctor Public School District,1804,91.19%,28.60%,Proctor Public School District,1868,88.87%,21.95%,Proctor Public School District,1848,88.74%,34.09%,58.95,59.71,43.36,48.13,Proctor Public School District,51.74,54.85,Proctor Public School District,-0.264461408,-0.1559,0.193265683,0.0838,-0.12230704,-7.21,-0.193937364,-0.1158,0.139621857,0.0672,-0.081393401,-4.86,Proctor Public School District,-4.86
1,716,Belle Plaine Public School District,1627,86.72%,19.61%,Belle Plaine Public School District,1578,84.54%,14.58%,Belle Plaine Public School District,1522,83.51%,25.82%,54.6,63.16,45.45,54.42,Belle Plaine Public School District,52.85,50.97,Belle Plaine Public School District,-0.167582418,-0.0915,0.162816282,0.074,-0.032051282,-1.75,-0.138378721,-0.0874,-0.06339581,-0.0345,-0.1930019,-12.19,Belle Plaine Public School District,-1.75
1,273,Edina Public School District,8510,73.16%,8.88%,Edina Public School District,8473,67.63%,11.72%,Edina Public School District,8794,67.35%,16.69%,76.52,77.47,67.02,73.19,Edina Public School District,72.48,76.13,Edina Public School District,-0.124150549,-0.095,0.081468218,0.0546,-0.052796654,-4.04,-0.055247192,-0.0428,0.040169422,0.0294,-0.017297018,-1.34,Edina Public School District,-1.34
1,15,St. Francis Area Schools,4547,85.20%,26.68%,St. Francis Area Schools,4301,81.93%,20.04%,St. Francis Area Schools,4281,78.37%,31.53%,56.99,60.81,39.01,49.71,St. Francis Area Schools,45.7,52.66,St. Francis Area Schools,-0.315493946,-0.1798,0.171494489,0.0669,-0.198104931,-11.29,-0.182535767,-0.111,0.059344196,0.0295,-0.134024009,-8.15,St. Francis Area Schools,-8.15
1,277,Westonka Public School District,2447,86.31%,16.10%,Westonka Public School District,2425,87.09%,11.67%,Westonka Public School District,2442,85.05%,18.14%,78.67,77.55,68.8,73.16,Westonka Public School District,74.69,77.31,Westonka Public School District,-0.125460786,-0.0987,0.085610465,0.0589,-0.050591077,-3.98,-0.05660864,-0.0439,0.056724986,0.0415,-0.003094778,-0.24,Westonka Public School District,-0.24
1,625,St. Paul Public School District,36888,20.82%,65.71%,St. Paul Public School District,33475,21.75%,61.47%,Saint Paul Public Schools,33041,22.14%,66.29%,32.12,39.53,25.21,34.75,Saint Paul Public Schools,26.55,34.82,Saint Paul Public Schools,-0.21513076,-0.0691,0.053153511,0.0134,-0.173412204,-5.57,-0.12092082,-0.0478,0.002014388,0.0007,-0.119150013,-4.71,St. Paul Public School District,-4.71
1,23,Frazee-Vergas Public School Dist.,904,85.51%,45.58%,Frazee-Vergas Public School District,866,81.99%,29.91%,Frazee-Vergas Public School District,834,80.82%,42.93%,55.07,61.95,39.85,46.7,Frazee-Vergas Public School District,36.1,46.68,Frazee-Vergas Public School District,-0.276375522,-0.1522,-0.094102886,-0.0375,-0.344470674,-0.1897,-0.246166263,-0.1525,-0.000428266,-0.0002,-0.246489104,-0.1527,Frazee-Vergas Public School District,-0.1527
1,25,Pine Point Public School District,59,0.00%,>=90%,Pine Point Public School District,72,0.00%,88.89%,Pine Point Public School District,46,0.00%,>=90%,24.24,34.38,10.87,23.91,Pine Point Public School District,21.62,40.54,Pine Point Public School District,-0.551567657,-0.1337,0.988960442,0.1075,-0.108085809,-0.0262,-0.304537522,-0.1047,0.695524885,0.1663,0.179173938,0.0616,Pine Point Public School District,0.0616
1,112,Eastern Carver County Public School,9829,76.46%,17.14%,Eastern Carver County Public Schools,9379,74.63%,13.97%,Eastern Carver County Public Schools,9274,73.85%,18.96%,54.46,57.89,51.03,50.5,Eastern Carver County Public Schools,56.33,50.64,Eastern Carver County Public Schools,-0.084446644,-0.0512,0.103404792,0.0574,0.010225961,1.87,-0.097779103,-0.0656,0.026928796,0.0163,-0.073483381,-7.25,Eastern Carver County Public Schools,1.87
1,32,Blackduck Public School District,674,79.82%,58.01%,Blackduck Public School District,690,79.13%,46.81%,Blackduck Public School District,696,77.59%,56.47%,45.62,47.76,38.38,38.04,Blackduck Public School District,30.4,39.61,Blackduck Public School District,-0.158702324,-0.0724,-0.207920792,-0.0798,-0.333625603,-0.1522,-0.203517588,-0.0972,0.041272345,0.0157,-0.170644891,-0.0815,Blackduck Public School District ,-0.0815
1,36,Kelliher Public School District,285,49.82%,75.44%,Kelliher Public School District,297,49.49%,57.91%,Kelliher Public School District,311,52.09%,67.85%,40.25,44.74,31.69,42.28,Kelliher Public School District,29.27,32.24,Kelliher Public School District,-0.212670807,-0.0856,-0.076364784,-0.0242,-0.272795031,-0.1098,-0.054984354,-0.0246,-0.237464522,-0.1004,-0.279392043,-0.125,Kelliher Public School District,-0.1098
1,88,New Ulm Public School District,2091,91.06%,28.79%,New Ulm Public School District,2083,91.50%,22.32%,New Ulm Public School District,2127,87.59%,32.82%,12.37,21.05,5.26,17.65,New Ulm Public School District,15.22,18.75,New Ulm Public School District,-0.062982005,-0.0343,0.103860474,0.053,0.034337128,2.85,-0.127655899,-0.0739,0.002772277,0.0014,-0.125237519,-2.3,New Ulm Public School District,2.85
1,278,Orono Public School District,2885,89.19%,6.69%,Orono Public School District,2859,88.25%,5.60%,Orono Public School District,2987,86.94%,8.97%,75.64,78.92,68.18,73.15,Orono Public School District,73.39,72.15,Orono Public School District,-0.098625066,-0.0746,0.076415371,0.0521,-0.029746166,-2.25,-0.073112012,-0.0577,-0.01367054,-0.01,-0.085783071,-6.77,Orono Public School District,-2.25
1,700,Hermantown Public School District,2110,91.80%,12.75%,Hermantown Public School District,2098,90.04%,10.01%,Hermantown Community Schools,2118,90.04%,16.53%,69.71,70.86,55.03,59.8,Hermantown Community Schools,60.17,58.9,Hermantown Community Schools,-0.210586716,-0.1468,0.093403598,0.0514,-0.136852675,-9.54,-0.156082416,-0.1106,-0.015050167,-0.009,-0.168783517,-11.96,Hermantown Public School District,-9.54
1,75,St. Clair Public School District,666,97.30%,16.52%,St. Clair Public School District,762,95.28%,13.25%,St. Clair Public School District,820,95.37%,22.80%,64.05,60.36,49.49,50.7,St. Clair Public School District,49.45,54.95,St. Clair Public School District,-0.227322404,-0.1456,-0.000808244,-0.0004,-0.227946916,-0.146,-0.160039761,-0.0966,0.08382643,0.0425,-0.089628893,-0.0541,St. Clair Public School District,-0.0541
3,6,South St. Paul Public School Dist.,3548,54.40%,50.06%,South St. Paul Public School District,3116,48.68%,51.41%,South St. Paul Public School District,2861,44.56%,61.38%,39.36,44.89,23.51,36.61,South St. Paul Public School District,28.63,39.85,South St. Paul Public School District,-0.402693089,-0.1585,0.217779668,0.0512,-0.272611789,-10.73,-0.18445088,-0.0828,0.08850041,0.0324,-0.112274449,-5.04,South St. Paul Public School District,-5.04
1,81,Comfrey Public School District,148,89.19%,45.95%,Comfrey Public School District,131,92.37%,37.40%,Comfrey Public School District,104,92.31%,41.35%,26.76,56.34,42.37,44.26,Comfrey Public School District,46.3,54.17,Comfrey Public School District,0.583333333,0.1561,0.092754307,0.0393,0.73019432,0.1954,-0.214412496,-0.1208,0.223904202,0.0991,-0.038516152,-0.0217,Comfrey Public School District,0.1954
1,84,Sleepy Eye Public School District,609,62.07%,47.95%,Sleepy Eye Public School District,595,60.34%,32.77%,Sleepy Eye Public School District,562,64.59%,41.46%,51.3,57.78,38.13,38.15,Sleepy Eye Public School District,43.19,39.15,Sleepy Eye Public School District,-0.256725146,-0.1317,0.132703908,0.0506,-0.158089669,-0.0811,-0.339736933,-0.1963,0.02621232,0.01,-0.322429907,-0.1863,Sleepy Eye Public School District,-0.0811
1,85,Springfield Public School District,566,92.05%,46.82%,Springfield Public School District,574,86.76%,42.16%,Springfield Public School District,653,84.23%,42.27%,74.67,69.1,71.14,64.38,Springfield Public School District,62.99,58.96,Springfield Public School District,-0.047274675,-0.0353,-0.114562834,-0.0815,-0.156421588,-0.1168,-0.068306802,-0.0472,-0.084187636,-0.0542,-0.146743849,-0.1014,Springfield Public School District,-0.1014
1,186,Pequot Lakes Public Schools,1747,95.59%,26.27%,Pequot Lakes Public Schools,1771,95.20%,16.88%,Pequot Lakes Public Schools,1737,94.76%,33.05%,63.77,70.37,44.36,60.48,Pequot Lakes Public Schools,48.87,60.84,Pequot Lakes Public Schools,-0.304375098,-0.1941,0.10166817,0.0451,-0.233652188,-14.9,-0.140542845,-0.0989,0.005952381,0.0036,-0.135427029,-9.53,Pequot Lakes Public Schools,-9.53
1,91,Barnum Public School District,714,92.30%,33.33%,Barnum Public School District,708,86.16%,25.00%,Barnum Public School District,660,87.88%,30.00%,62.92,70.54,43.16,60.58,Barnum Public School District,41.4,51.56,Barnum Public School District,-0.314049587,-0.1976,-0.040778499,-0.0176,-0.342021615,-0.2152,-0.141196484,-0.0996,-0.148894024,-0.0902,-0.269067196,-0.1898,Barnum Public School District,-0.1898
1,93,Carlton Public School District,435,79.54%,36.32%,Carlton Public School District,384,77.60%,27.60%,Carlton Public School District,308,78.57%,42.86%,50.8,57.32,32.07,46.77,Carlton Public School District,29.33,33.12,Carlton Public School District,-0.368700787,-0.1873,-0.085438104,-0.0274,-0.422637795,-0.2147,-0.184054431,-0.1055,-0.291853752,-0.1365,-0.422191207,-0.242,Carlton Public School District,-0.2147
1,283,St. Louis Park Public School Dist.,4714,54.35%,36.13%,St. Louis Park Public School District,4581,53.02%,26.83%,St. Louis Park Public School District,4446,50.94%,36.30%,53.2,59.07,43.46,48.06,St. Louis Park Public School District,47.76,53.3,St. Louis Park Public School District,-0.183082707,-0.0974,0.098941555,0.043,-0.102255639,-5.44,-0.18638903,-0.1101,0.109030379,0.0524,-0.097680718,-5.77,St. Louis Park Public School District,-5.44
1,95,Cromwell-Wright Public Schools,331,90.63%,37.76%,Cromwell-Wright Public Schools,310,90.32%,18.06%,Cromwell-Wright Public Schools,300,92.00%,30.33%,51.79,55.21,47.86,58.23,Cromwell-Wright Public Schools,47.92,55.78,Cromwell-Wright Public Schools,-0.075883375,-0.0393,0.001253656,0.0006,-0.07472485,-0.0387,0.054700235,0.0302,-0.042074532,-0.0245,0.010324217,0.0057,Cromwell-Wright Public Schools,0.0057
1,97,Moose Lake Public School District,655,92.52%,30.99%,Moose Lake Public School District,574,92.16%,20.21%,Moose Lake Public School District,561,90.55%,34.05%,55.82,54.23,46.58,50.96,Moose Lake Public School District,41.67,45.98,Moose Lake Public School District,-0.165532067,-0.0924,-0.105410047,-0.0491,-0.253493372,-0.1415,-0.060298728,-0.0327,-0.097723705,-0.0498,-0.152129817,-0.0825,Moose Lake Public School District,-0.0825
1,22,Detroit Lakes Public School Dist.,3047,75.22%,36.82%,Detroit Lakes Public School District,2805,74.94%,31.16%,Detroit Lakes Public School District,2728,73.86%,37.06%,55.39,61.05,44.76,54.11,Detroit Lakes Public School District,48.41,51.69,Detroit Lakes Public School District,-0.191911897,-0.1063,0.081546023,0.0365,-0.126015526,-6.98,-0.113677314,-0.0694,-0.044723711,-0.0242,-0.153316953,-9.36,Detroit Lakes Public School District,-6.98
1,100,Wrenshall Public School District,377,90.72%,44.03%,Wrenshall Public School District,378,88.10%,40.21%,Wrenshall Public School District,347,85.88%,40.35%,39.62,54.63,28.41,45.93,Wrenshall Public School District,37.35,45.66,Wrenshall Public School District,-0.28293791,-0.1121,0.31467793,0.0894,-0.057294296,-0.0227,-0.159253158,-0.087,-0.005878511,-0.0027,-0.164195497,-0.0897,Wrenshall Public School District,-0.0227
1,108,Central Public School District,986,86.92%,20.69%,Central Public School District,928,87.28%,10.88%,Central Public School District,966,81.88%,25.78%,60.22,63.71,49.57,52.63,Central Public School District,53.68,58.19,Central Public School District,-0.176851544,-0.1065,0.082913052,0.0411,-0.108601793,-0.0654,-0.173913043,-0.1108,0.105643169,0.0556,-0.086642599,-0.0552,Central Public School District,-0.0552
1,162,Bagley Public School District,1024,71.39%,47.95%,Bagley Public School District,935,70.05%,46.52%,Bagley Public School District,870,69.66%,57.47%,45.54,49.82,23.63,30,Bagley Public School District,27.23,29.58,Bagley Public School District,-0.481115503,-0.2191,0.152348709,0.036,-0.402064119,-18.31,-0.397832196,-0.1982,-0.014,-0.0042,-0.406262545,-20.24,Bagley Public School District,-18.31
1,1,Aitkin Public School District,1186,92.92%,44.52%,Aitkin Public School District,1054,91.84%,29.98%,Aitkin Public School District,989,91.30%,44.29%,56.65,57.84,56.26,52.14,Aitkin Public School District,59.79,54.78,Aitkin Public School District,-0.006884378,-0.0039,0.062744401,0.0353,0.055428067,3.14,-0.098547718,-0.057,0.050632911,0.0264,-0.052904564,-3.06,Aitkin Public School District,3.14
6,287,Intermediate School District 287,1075,43.35%,56.19%,Intermediate School District 287,800,39.38%,57.00%,Intermediate School District 287,927,33.33%,60.41%,60.63,67.09,55.51,60.53,Intermediate School District 287,61.25,62.16,Intermediate School District 287,-0.574777688,-0.0711,1.893536122,0.0996,0.23039612,0.0285,-0.16152019,-0.034,0.062322946,0.011,-0.109263658,-0.023,Intermediate School District 287,0.0285
1,113,Walker-Hackensack-Akeley Schl. Dist,799,66.33%,49.69%,Walker-Hackensack-Akeley School District,756,63.49%,41.40%,Walker-Hackensack-Akeley School District,686,58.89%,55.83%,41.85,54.24,28.93,40.95,Walker-Hackensack-Akeley School District,30.48,36.52,Walker-Hackensack-Akeley School District,-0.308721625,-0.1292,0.053577601,0.0155,-0.271684588,-0.1137,-0.245022124,-0.1329,-0.108180708,-0.0443,-0.326696165,-0.1772,Walker-Hackensack-Akeley School District,-0.1137
1,743,Sauk Centre Public School District,1098,89.07%,36.52%,Sauk Centre Public School District,1080,85.46%,23.80%,Sauk Centre Public School District,1104,81.07%,35.96%,59.93,62.87,39.34,40.65,Sauk Centre Public School District,42.78,42.05,Sauk Centre Public School District,-0.343567495,-0.2059,0.087442806,0.0344,-0.286167195,-17.15,-0.353427708,-0.2222,0.034440344,0.014,-0.331159536,-20.82,Sauk Centre Public School District,-17.15
1,2397,Le Sueur-Henderson School District,1026,75.63%,32.94%,Le Sueur-Henderson School District,946,75.79%,26.53%,Le Sueur-Henderson School District,908,75.00%,37.67%,46.32,59.67,45.54,52.62,Le Sueur-Henderson School District,48.15,50,Le Sueur-Henderson School District,-0.033895096,-0.0179,0.126421011,0.0645,0.088240863,1.83,-0.044525129,-0.0233,0.1646,0.0823,0.112746035,-9.67,Le Sueur-Henderson School District,1.83
1,118,Northland Community Schools,360,57.50%,68.06%,Northland Community Schools,361,60.11%,66.20%,Northland Community Schools,344,56.10%,75.58%,27.37,40,14.56,24.55,Northland Community Schools,17.31,31.17,Northland Community Schools,-0.468030691,-0.1281,0.188873626,0.0275,-0.367555718,-0.1006,-0.38625,-0.1545,0.269653768,0.0662,-0.22075,-0.0883,Northland Community Schools,-0.0883
1,829,Waseca Public School District,1945,79.38%,35.32%,Waseca Public School District,1783,75.83%,32.53%,Waseca Public School District,1752,73.63%,44.69%,47.14,54.92,36.67,43.57,Waseca Public School District,39.84,46.91,Waseca Public School District,-0.22210437,-0.1047,0.086446687,0.0317,-0.15485787,-7.3,-0.206664239,-0.1135,0.076658251,0.0334,-0.145848507,-8.01,Waseca Public School District,-7.3
1,110,Waconia Public School District,4123,89.93%,11.01%,Waconia Public School District,4049,88.76%,5.01%,Waconia Public School District,3984,88.25%,12.40%,70.44,70.52,61.69,63.26,Waconia Public School District,64.76,62.85,Waconia Public School District,-0.124219194,-0.0875,0.049764954,0.0307,-0.080636002,-5.68,-0.102949518,-0.0726,-0.006481189,-0.0041,-0.108763471,-7.67,Waconia Public School District,-5.68
1,139,Rush City Public School District,848,90.80%,30.66%,Rush City Public School District,863,88.18%,22.25%,Rush City Public School District,805,85.59%,34.53%,63.02,66.81,37.89,49.79,Rush City Public School District,45.96,45.41,Rush City Public School District,-0.398762298,-0.2513,0.212984956,0.0807,-0.270707712,-0.1706,-0.254752283,-0.1702,-0.087969472,-0.0438,-0.320311331,-0.214,Rush City Public School District,-0.1706
1,146,Barnesville Public School District,868,94.93%,17.05%,Barnesville Public School District,898,93.10%,14.03%,Barnesville Public School District,870,91.72%,20.80%,75.8,76.73,65.34,63.51,Barnesville Public School District,59.87,59.25,Barnesville Public School District,-0.137994723,-0.1046,-0.083715947,-0.0547,-0.210158311,-0.1593,-0.172292454,-0.1322,-0.067076051,-0.0426,-0.227811808,-0.1748,Barnesville Public School District,-0.1593
1,150,Hawley Public School District,975,94.05%,13.95%,Hawley Public School District,1007,94.14%,6.75%,Hawley Public School District,1058,94.42%,18.71%,67.34,69.38,59.14,62.27,Hawley Public School District,70.91,66.5,Hawley Public School District,-0.121770122,-0.082,0.199019276,0.1177,0.053014553,0.0357,-0.102479101,-0.0711,0.067929982,0.0423,-0.041510522,-0.0288,Hawley Public School District,0.0357
1,482,Little Falls Public School District,2536,88.37%,45.78%,Little Falls Public School District,2440,90.20%,38.69%,Little Falls Community Schools,2424,89.81%,42.04%,42.26,48.11,33.45,37.52,Little Falls Community Schools,36.33,41.53,Little Falls Community Schools,-0.208471368,-0.0881,0.086098655,0.0288,-0.140321817,-5.93,-0.220120557,-0.1059,0.106876333,0.0401,-0.136769902,-6.58,Little Falls Public School District,-5.93
70,160,Minnesota State Academies,152,74.34%,63.82%,Minnesota State Academies,143,72.03%,53.85%,Minnesota State Academies,134,61.94%,79.10%,16,23.91,22.5,25.64,Minnesota State Academies,10.26,13.89,Minnesota State Academies,0.40625,0.065,-0.544,-0.1224,-0.35875,-0.0574,0.072354663,0.0173,-0.458268331,-0.1175,-0.419071518,-0.1002,Minnesota State Academies,-0.0574
1,477,Princeton Public School District,3453,92.64%,30.84%,Princeton Public School District,3234,91.56%,24.98%,Princeton Public School District,3291,89.21%,34.24%,59.78,63.47,43.41,50.83,Princeton Public School District,46.16,48.77,Princeton Public School District,-0.273837404,-0.1637,0.063349459,0.0275,-0.227835396,-13.62,-0.199149204,-0.1264,-0.040527248,-0.0206,-0.231605483,-14.7,Princeton Public School District,-13.62
1,166,Cook County Public Schools,500,72.60%,36.40%,Cook County Public Schools,431,70.07%,25.99%,Cook County Public Schools,475,68.21%,42.32%,30.21,56.17,27.23,57.79,Cook County Public Schools,19.16,47.25,Cook County Public Schools,-0.098642833,-0.0298,-0.296364304,-0.0807,-0.365772923,-0.1105,0.028841018,0.0162,-0.182384496,-0.1054,-0.158803632,-0.0892,Cook County Public Schools,-0.0892
1,173,Mountain Lake Public Schools,516,57.95%,53.29%,Mountain Lake Public Schools,502,56.57%,51.79%,Mountain Lake Public Schools,498,53.21%,59.64%,59.02,56.85,43.61,45.9,Mountain Lake Public Schools,37.55,37.35,Mountain Lake Public Schools,-0.261097933,-0.1541,-0.138958954,-0.0606,-0.363774992,-0.2147,-0.192612137,-0.1095,-0.18627451,-0.0855,-0.343007916,-0.195,Mountain Lake Public Schools,-0.195
3,1,Minneapolis Public School District,35580,35.35%,56.90%,Minneapolis Public School District,30115,38.49%,48.24%,Minneapolis Public School District,29928,36.20%,56.44%,42.24,46.88,33.15,42.43,Minneapolis Public School District,35.79,40.79,Minneapolis Public School District,-0.215198864,-0.0909,0.079638009,0.0264,-0.152698864,-6.45,-0.094923208,-0.0445,-0.038651897,-0.0164,-0.129906143,-6.09,Minneapolis Public School District,-6.09
1,116,Pillager Public School District,1164,94.93%,42.44%,Pillager Public School District,1228,94.38%,39.41%,Pillager Public School District,1324,92.30%,37.39%,52.81,52.33,51.02,50,Pillager Public School District,57.47,58.23,Pillager Public School District,-0.016839378,-0.0078,0.057312253,0.0261,0.039507772,4.66,-0.118149824,-0.0705,-0.049790954,-0.0262,-0.162057986,5.9,Pillager Public School District,5.9
1,12,Centennial Public School District,6740,80.64%,16.23%,Centennial Public School District,6702,74.89%,15.65%,Centennial Public School District,6851,70.25%,25.57%,71.55,68.79,63.6,61.78,Centennial Public School District,60.41,62.08,Centennial Public School District,-0.111111111,-0.0795,-0.050157233,-0.0319,-0.155695318,-11.14,-0.101904347,-0.0701,0.00485594,0.003,-0.097543248,-6.71,Centennial Public School District,-6.71
1,51,Foley Public School District,1964,96.79%,28.67%,Foley Public School District,1960,96.12%,18.27%,Foley Public School District,1921,95.42%,27.33%,68.31,69.3,54.04,57.38,Foley Public School District,56.57,56.97,Foley Public School District,-0.2089006,-0.1427,0.046817172,0.0253,-0.171863563,-11.74,-0.172005772,-0.1192,-0.007145347,-0.0041,-0.177922078,-12.33,Foley Public School District,-11.74
1,709,Duluth Public School District,8706,76.82%,39.93%,Duluth Public School District,8487,77.27%,32.57%,Duluth Public School District,8723,76.77%,39.33%,55.22,62.59,46.04,56.59,Duluth Public School District,45.11,55.73,Duluth Public School District,-0.166244114,-0.0918,-0.020199826,-0.0093,-0.183085838,-10.11,-0.095861959,-0.06,-0.015197031,-0.0086,-0.109602173,-6.86,Duluth Public School District,-6.86
1,276,Minnetonka Public School District,10970,83.25%,5.93%,Minnetonka Public School District,11307,78.85%,3.65%,Minnetonka Public School District,11323,76.20%,10.96%,79.24,81.51,72.57,73.25,Minnetonka Public School District,74.68,74.6,Minnetonka Public School District,-0.084174659,-0.0667,0.029075375,0.0211,-0.057546694,-4.56,-0.101337259,-0.0826,0.018430034,0.0135,-0.084774874,-6.91,Minnetonka Public School District,-4.56
1,534,Stewartville Public School District,2108,92.74%,21.20%,Stewartville Public School District,2058,91.35%,14.04%,Stewartville Public School District,1976,89.37%,23.58%,59.7,61.57,46.47,49.59,Stewartville Public School District,48.76,51.57,Stewartville Public School District,-0.22160804,-0.1323,0.049279105,0.0229,-0.183249581,-10.94,-0.19457528,-0.1198,0.039927405,0.0198,-0.162416761,-10,Stewartville Public School District,-10
1,195,Randolph Public School District,684,94.88%,17.98%,Randolph Public School District,769,94.15%,10.14%,Randolph Public School District,875,94.63%,17.49%,53.65,51.75,44.9,45.4,Randolph Public School District,34.18,35.84,Randolph Public School District,-0.163094129,-0.0875,-0.238752784,-0.1072,-0.362907735,-0.1947,-0.122705314,-0.0635,-0.210572687,-0.0956,-0.307439614,-0.1591,Randolph Public School District,-0.1591
1,196,Rosemount-Apple Valley-Eagan,28997,62.70%,22.44%,Rosemount-Apple Valley-Eagan,29245,58.46%,17.23%,Rosemount-Apple Valley-Eagan,29224,55.03%,29.47%,63.88,65.27,51.95,56.98,Rosemount-Apple Valley-Eagan,53.27,56.75,Rosemount-Apple Valley-Eagan,-0.186756418,-0.1193,0.025409047,0.0132,-0.166092674,-10.61,-0.127010878,-0.0829,-0.004036504,-0.0023,-0.130534702,-8.52,Rosemount-Apple Valley-Eagan,-8.52
1,197,West St. Paul-Mendota Hts.-Eagan,5222,50.38%,41.25%,West St. Paul-Mendota Heights-Eagan,5053,48.49%,35.92%,West St. Paul-Mendota Heights-Eagan,5452,45.49%,46.70%,55.02,59.89,41.65,53.75,West St. Paul-Mendota Heights-Eagan,43.31,53.42,West St. Paul-Mendota Heights-Eagan,-0.243002545,-0.1337,0.039855942,0.0166,-0.212831698,-11.71,-0.102521289,-0.0614,-0.006139535,-0.0033,-0.108031391,-6.47,West St. Paul-Mendota Heights-Eagan,-6.47
1,199,Inver Grove Heights Schools,3633,52.57%,40.10%,Inver Grove Heights Schools,3447,48.68%,38.82%,Inver Grove Heights Schools,3427,40.97%,49.26%,47.55,51.63,32.55,42.17,Inver Grove Heights Schools,32.57,38.02,Inver Grove Heights Schools,-0.315457413,-0.15,0.000614439,0.0002,-0.315036803,-14.98,-0.183226806,-0.0946,-0.098411193,-0.0415,-0.26360643,-13.61,Inver Grove Heights Schools,-13.61
1,834,Stillwater Area Public School Dist.,8554,80.93%,15.34%,Stillwater Area Public Schools,8203,77.34%,12.48%,Stillwater Area Public Schools,8455,73.70%,20.28%,63.94,68.29,56.39,58.69,Stillwater Area Public Schools,58.25,60.96,Stillwater Area Public Schools,-0.118079449,-0.0755,0.032984572,0.0186,-0.088989678,-5.69,-0.140576951,-0.096,0.038677799,0.0227,-0.10733636,-7.33,Stillwater Area Public School District,-5.69
1,203,Hayfield Public School District,685,88.91%,32.41%,Hayfield Public School District,667,89.21%,27.44%,Hayfield Public School District,621,88.24%,39.45%,42.15,48.8,34.78,42,Hayfield Public School District,34.69,37.54,Hayfield Public School District,-0.17485172,-0.0737,-0.002587694,-0.0009,-0.176986951,-0.0746,-0.139344262,-0.068,-0.106190476,-0.0446,-0.230737705,-0.1126,Hayfield Public School District,-0.0746
1,204,Kasson-Mantorville School District,2222,90.77%,16.47%,Kasson-Mantorville School District,2171,90.05%,10.96%,Kasson-Mantorville School District,2152,86.34%,22.12%,62.67,66.61,58.53,59.44,Kasson-Mantorville School District,58.69,62.89,Kasson-Mantorville School District,-0.066060316,-0.0414,0.002733641,0.0016,-0.06350726,-3.98,-0.107641495,-0.0717,0.058041723,0.0345,-0.05584747,-3.72,Kasson-Mantorville School District,-3.72
1,761,Owatonna Public School District,5092,72.43%,41.89%,Owatonna Public School District,4962,70.42%,36.72%,Owatonna Public School District,4890,69.57%,42.43%,49.5,54.08,42.22,47.26,Owatonna Public School District,44.67,46.53,Owatonna Public School District,-0.147070707,-0.0728,0.05802937,0.0245,-0.097575758,-4.83,-0.126109467,-0.0682,-0.015446466,-0.0073,-0.139607988,-7.55,Owatonna Public School District,-4.83
1,213,Osakis Public School District,846,95.27%,30.26%,Osakis Public School District,856,93.22%,21.85%,Osakis Public School District,887,93.57%,34.05%,62.66,62.07,57.3,53.63,Osakis Public School District,61.45,48.91,Osakis Public School District,-0.085541015,-0.0536,0.072425829,0.0415,-0.019310565,-0.0121,-0.135975512,-0.0844,-0.088010442,-0.0472,-0.212018689,-0.1316,Osakis Public School District,-0.0121
1,227,Chatfield Public Schools,873,94.50%,16.95%,Chatfield Public Schools,897,95.43%,13.04%,Chatfield Public Schools,898,94.77%,24.94%,67.91,70.85,56.78,62.66,Chatfield Public Schools,54.41,59.01,Chatfield Public Schools,-0.163893388,-0.1113,-0.041740049,-0.0237,-0.19879252,-0.135,-0.11559633,-0.0819,-0.058250878,-0.0365,-0.16711362,-0.1184,Chatfield Public Schools,-0.1184
1,229,Lanesboro Public School District,347,96.25%,36.02%,Lanesboro Public School District,417,95.92%,19.90%,Lanesboro Public School District,442,95.02%,35.97%,59.12,62.83,52.58,55.72,Lanesboro Public School District,43.78,43.18,Lanesboro Public School District,-0.110622463,-0.0654,-0.167364017,-0.088,-0.25947226,-0.1534,-0.113162502,-0.0711,-0.225053841,-0.1254,-0.312748687,-0.1965,Lanesboro Public School District,-0.1534
1,238,Mabel-Canton Public School Dist.,275,95.27%,31.27%,Mabel-Canton Public School District,265,96.60%,15.47%,Mabel-Canton Public School District,269,95.54%,26.39%,48,63.31,57.04,56.49,Mabel-Canton Public School District,50,61.11,Mabel-Canton Public School District,0.188333333,0.0904,-0.12342216,-0.0704,0.041666667,0.02,-0.107723898,-0.0682,0.081784387,0.0462,-0.034749645,-0.022,Mabel-Canton Public School District,0.02
1,239,Rushford-Peterson Public Schools,697,94.55%,29.27%,Rushford-Peterson Public Schools,639,93.90%,18.94%,Rushford-Peterson Public Schools,648,93.36%,31.33%,52.76,62.66,44.06,49.27,Rushford-Peterson Public Schools,49.85,50.87,Rushford-Peterson Public Schools,-0.16489765,-0.087,0.131411711,0.0579,-0.055155421,-0.0291,-0.213692946,-0.1339,0.032474122,0.016,-0.188158315,-0.1179,Rushford-Peterson Public Schools,-0.0291
1,252,Cannon Falls Public School District,1158,91.54%,24.96%,Cannon Falls Public School District,1087,90.89%,16.74%,Cannon Falls Public School District,1055,89.95%,23.51%,60.19,62.71,48.85,53.88,Cannon Falls Public School District,50.86,54.61,Cannon Falls Public School District,-0.188403389,-0.1134,0.041146366,0.0201,-0.155009138,-9.33,-0.140806889,-0.0883,0.013548627,0.0073,-0.129166002,-8.1,Cannon Falls Public School District,-8.1
1,242,Alden-Conger Public School District,507,90.73%,29.78%,Alden-Conger Public School District,442,92.76%,19.23%,Alden-Conger Public School District,444,91.67%,32.21%,55.38,56.93,42.74,44.31,Alden-Conger Public School District,39.58,49,Alden-Conger Public School District,-0.228241242,-0.1264,-0.073935423,-0.0316,-0.285301553,-0.158,-0.221675742,-0.1262,0.105845182,0.0469,-0.13929387,-0.0793,Alden-Conger Public School District,-0.0793
1,2769,Morris Area Public Schools,1045,79.90%,26.32%,Morris Area Public Schools,1046,74.28%,20.65%,Morris Area Public Schools,1092,66.76%,27.01%,65.83,60.56,54.98,55.65,Morris Area Public Schools,56.93,56.75,Morris Area Public Schools,-0.164818472,-0.1085,0.035467443,0.0195,-0.135196719,-8.9,-0.081076618,-0.0491,0.019766397,0.011,-0.062912814,-3.81,Morris Area Public Schools,-3.81
1,253,Goodhue Public School District,673,90.64%,16.94%,Goodhue Public School District,703,88.62%,11.38%,Goodhue Public School District,778,88.05%,23.01%,52.51,56.51,50,50.95,Goodhue Public School District,47.65,57.01,Goodhue Public School District,-0.047800419,-0.0251,-0.047,-0.0235,-0.092553799,-0.0486,-0.098389666,-0.0556,0.118940137,0.0606,0.008847992,0.005,Goodhue Public School District,0.005
1,280,Richfield Public School District,4319,28.66%,61.66%,Richfield Public School District,4151,28.88%,50.83%,Richfield Public School District,4094,29.21%,53.69%,37.44,43.62,28.71,34.86,Richfield Public School District,30.65,37.47,Richfield Public School District,-0.233173077,-0.0873,0.067572274,0.0194,-0.181356838,-6.79,-0.200825309,-0.0876,0.074870912,0.0261,-0.140990371,-6.15,Richfield Public School District,-6.15
1,832,Mahtomedi Public School District,3342,83.45%,8.59%,Mahtomedi Public School District,3229,80.24%,7.99%,Mahtomedi Public School District,3285,79.73%,12.72%,76.65,78.56,69.11,68.76,Mahtomedi Public School District,71.02,68.72,Mahtomedi Public School District,-0.098369211,-0.0754,0.0276371,0.0191,-0.07345075,-5.63,-0.124745418,-0.098,-0.000581734,-0.0004,-0.125254582,-9.84,Mahtomedi Public School District,-5.63
1,261,Ashby Public School District,293,96.25%,37.20%,Ashby Public School District,318,95.91%,24.53%,Ashby Public School District,315,96.83%,33.97%,54.01,59.46,46.63,50,Ashby Public School District,56.57,53.8,Ashby Public School District,-0.136641363,-0.0738,0.213167489,0.0994,0.04739863,0.0256,-0.159098554,-0.0946,0.076,0.038,-0.095190044,-0.0566,Ashby Public School District,0.0256
1,264,Herman-Norcross School District,99,85.86%,33.33%,Herman-Norcross School District,96,88.54%,41.67%,Herman-Norcross Community School,92,88.04%,30.43%,53.45,70,30.43,29.41,Herman-Norcross School District,28.21,25,Herman-Norcross Community School,-0.430682881,-0.2302,-0.072954321,-0.0222,-0.472217025,-0.2524,-0.579857143,-0.4059,-0.149948997,-0.0441,-0.642857143,-0.45,Herman-Norcross School District,-0.2524
1,281,Robbinsdale Public School District,12546,39.08%,50.78%,Robbinsdale Public School District,11362,35.05%,46.22%,Robbinsdale Public School District,10810,32.92%,58.26%,35.23,48.82,25.48,42.91,Robbinsdale Public School District,26.14,41.19,Robbinsdale Public School District,-0.276752768,-0.0975,0.025902669,0.0066,-0.258018734,-9.09,-0.121056944,-0.0591,-0.040083897,-0.0172,-0.156288406,-7.63,Robbinsdale Public School District,-7.63
1,535,Rochester Public School District,18015,59.20%,36.69%,Rochester Public School District,17617,54.57%,36.13%,Rochester Public School District,17171,51.94%,38.74%,49.79,55.49,39.83,49.47,Rochester Public School District,41.66,47.78,Rochester Public School District,-0.200040169,-0.0996,0.045945267,0.0183,-0.1632858,-8.13,-0.108488016,-0.0602,-0.034162118,-0.0169,-0.138943954,-7.71,Rochester Public School District,-7.71
1,279,Osseo Public School District,21472,42.67%,41.24%,Osseo Public School District,20609,39.57%,39.78%,Osseo Public School District,21138,37.08%,43.87%,49.33,55.05,41.67,49.54,Osseo Public School District,42.97,47.04,Osseo Public School District,-0.155280762,-0.0766,0.031197504,0.013,-0.12892763,-6.36,-0.100090827,-0.0551,-0.050464271,-0.025,-0.145504087,-8.01,Osseo Public School District,-6.36
1,2184,Luverne Public School District,1270,87.17%,30.63%,Luverne Public School District,1155,87.45%,19.31%,Luverne Public School District,1142,83.01%,31.87%,69.54,60.96,62.27,61.17,Luverne Public School District,63.8,57.26,Luverne Public School District,-0.104544147,-0.0727,0.024570419,0.0153,-0.082542422,-5.74,0.003444882,0.0021,-0.063920222,-0.0391,-0.060695538,-3.7,Luverne Public School District,-3.7
1,318,Grand Rapids Public School District,4149,85.51%,38.59%,Grand Rapids Public School District,4057,86.22%,32.88%,Grand Rapids Public School District,3972,84.14%,42.70%,53.42,61.69,45.86,53.91,Grand Rapids Public School District,47.22,55.89,Grand Rapids Public School District,-0.14152003,-0.0756,0.029655473,0.0136,-0.1160614,-6.2,-0.126114443,-0.0778,0.03672788,0.0198,-0.094018479,-5.8,Grand Rapids Public School District,-5.8
1,31,Bemidji Public School District,5230,71.03%,47.23%,Bemidji Public School District,4874,68.57%,34.78%,Bemidji Public School District,4722,67.92%,42.48%,51.65,55.35,45.87,49.65,Bemidji Public School District,45.65,47.17,Bemidji Public School District,-0.111907067,-0.0578,-0.004796163,-0.0022,-0.116166505,-6,-0.10298103,-0.057,-0.049949648,-0.0248,-0.147786811,-8.18,Bemidji Public School District,-6
1,152,Moorhead Public School District,7027,71.10%,40.23%,Moorhead Area Public School District,7266,66.94%,37.71%,Moorhead Area Public School District,7571,63.19%,47.23%,47.15,52.51,41.91,45,Moorhead Area Public School District,40.34,44.14,Moorhead Area Public School District,-0.111134677,-0.0524,-0.037461226,-0.0157,-0.144432662,-6.81,-0.143020377,-0.0751,-0.019111111,-0.0086,-0.15939821,-8.37,Moorhead Public School District,-6.81
1,115,Cass Lake-Bena Public Schools,1211,7.27%,82.00%,Cass Lake-Bena Public Schools,1165,7.47%,71.93%,Cass Lake-Bena Public Schools,1119,3.75%,80.52%,26.27,35.31,14.65,22.42,Cass Lake-Bena Public Schools,15.95,20.5,Cass Lake-Bena Public Schools,-0.442329654,-0.1162,0.088737201,0.013,-0.392843548,-10.32,-0.365052393,-0.1289,-0.085637823,-0.0192,-0.419427924,-14.81,Cass Lake-Bena Public Schools,-10.32
1,284,Wayzata Public School District,11948,62.59%,11.22%,Wayzata Public School District,12018,59.76%,6.93%,Wayzata Public School District,12951,57.15%,17.23%,79.12,80.69,77.78,76.96,Wayzata Public School District,72.33,72.13,Wayzata Public School District,-0.016936299,-0.0134,-0.070069427,-0.0545,-0.085819009,-6.79,-0.046226298,-0.0373,-0.062759875,-0.0483,-0.106085017,-8.56,Wayzata Public School District,-6.79
1,38,Red Lake Public School District,1497,0.00%,79.02%,Red Lake Public School District,1467,0.00%,67.42%,Red Lake Public School District,1519,0.13%,81.44%,16.58,23.23,2.47,10.52,Red Lake Public School District,3.47,10.29,Red Lake Public School District,-0.851025332,-0.1411,0.4048583,0.01,-0.790711701,-13.11,-0.547137322,-0.1271,-0.021863118,-0.0023,-0.557038313,-12.94,Red Lake Public School District,-12.94
1,282,St. Anthony-New Brighton Schools,1837,65.54%,25.69%,St. Anthony-New Brighton Schools,1782,61.84%,16.95%,St. Anthony-New Brighton Schools,1891,61.50%,29.35%,70.77,67.49,48.24,57.78,St. Anthony-New Brighton Schools,48.57,58.48,St. Anthony-New Brighton Schools,-0.318355235,-0.2253,0.006840796,0.0033,-0.313692242,-22.2,-0.143873166,-0.0971,0.012114919,0.007,-0.133501259,-9.01,St. Anthony-New Brighton Schools,-9.01
1,413,Marshall Public School District,2625,61.64%,46.02%,Marshall Public School District,2662,59.54%,42.52%,Marshall Public School District,2664,53.04%,53.49%,59.48,58.96,46.02,46.52,Marshall Public School District,47,45.19,Marshall Public School District,-0.226294553,-0.1346,0.021295089,0.0098,-0.209818426,-12.48,-0.210990502,-0.1244,-0.028589854,-0.0133,-0.233548168,-13.77,Marshall Public School District,-12.48
1,466,Dassel-Cokato Public School Dist.,2250,92.53%,23.87%,Dassel-Cokato Public School District,2147,93.15%,13.32%,Dassel-Cokato Public School District,2020,91.83%,28.91%,70.53,72.82,63.29,68.3,Dassel-Cokato Public School District,64.25,64.11,Dassel-Cokato Public School District,-0.102651354,-0.0724,0.015168273,0.0096,-0.089040125,-6.28,-0.06207086,-0.0452,-0.061346999,-0.0419,-0.119609997,-8.71,Dassel-Cokato Public School District,-6.28
1,286,Brooklyn Center School District,2492,19.54%,75.44%,Brooklyn Center School District,2167,15.41%,71.16%,Brooklyn Center Community Schools,2174,17.11%,77.78%,13.83,22.44,4.47,17.08,Brooklyn Center School District,5.37,13.61,Brooklyn Center Community Schools,-0.676789588,-0.0936,0.201342282,0.009,-0.611713666,-8.46,-0.23885918,-0.0536,-0.203161593,-0.0347,-0.393493761,-8.83,Brooklyn Center School District,-8.46
1,272,Eden Prairie Public School District,8899,56.95%,21.73%,Eden Prairie Public School District,8861,52.33%,18.05%,Eden Prairie Public School District,9292,48.47%,30.14%,68.77,73.49,59.26,67.98,Eden Prairie Public School District,58.71,64.8,Eden Prairie Public School District,-0.138287044,-0.0951,-0.009281134,-0.0055,-0.146284717,-10.06,-0.074976187,-0.0551,-0.046778464,-0.0318,-0.118247381,-8.69,Eden Prairie Public School District,-8.69
6,288,Southwest Metro Intermediate 288,345,73.62%,40.87%,Southwest Metro Intermediate 288,430,73.26%,27.44%,Southwest Metro Intermediate 288,560,64.11%,36.96%,10,18,8.6,23.17,Southwest Metro Intermediate 288,6.32,9.09,Southwest Metro Intermediate 288,-0.14,-0.014,-0.265116279,-0.0228,-0.368,-0.0368,0.287222222,0.0517,-0.607682348,-0.1408,-0.495,-0.0891,Southwest Metro Intermediate 288,-0.0368
1,659,Northfield Public School District,4067,78.78%,26.36%,Northfield Public School District,3914,76.32%,21.05%,Northfield Public School District,3849,73.86%,29.12%,65.98,68.42,59.23,59.47,Northfield Public School District,59.86,62.12,Northfield Public School District,-0.102303728,-0.0675,0.010636502,0.0063,-0.09275538,-6.12,-0.130809705,-0.0895,0.044560282,0.0265,-0.09207834,-6.3,Northfield Public School District,-6.12
1,297,Spring Grove School District,361,96.68%,32.41%,Spring Grove School District,345,92.46%,21.74%,Spring Grove School District,349,93.98%,29.80%,45.88,70.05,60.61,65.03,Spring Grove School District,48.7,59.89,Spring Grove School District,0.321054926,0.1473,-0.196502227,-0.1191,0.06146469,0.0282,-0.071663098,-0.0502,-0.079040443,-0.0514,-0.145039258,-0.1016,Spring Grove School District,0.0282
1,299,Caledonia Public School District,718,96.10%,27.16%,Caledonia Public School District,732,94.67%,18.72%,Caledonia Public School District,693,94.66%,24.10%,58.42,60.57,50.56,62.95,Caledonia Public School District,55.99,66.47,Caledonia Public School District,-0.134542965,-0.0786,0.107397152,0.0543,-0.041595344,-0.0243,0.03929338,0.0238,0.055917395,0.0352,0.097407958,0.059,Caledonia Public School District,0.059
1,300,LA CRESCENT-HOKAH,1108,89.17%,20.22%,La Crescent-Hokah School District,1069,88.12%,15.53%,La Crescent-Hokah School District,998,89.38%,23.25%,47.08,55.33,35.81,45.98,La Crescent-Hokah School District,36.78,50.76,La Crescent-Hokah School District,-0.239379779,-0.1127,0.027087406,0.0097,-0.218776551,-10.3,-0.168986083,-0.0935,0.103958243,0.0478,-0.082595337,-4.57,La Crescent-Hokah School District,-4.57
1,306,Laporte Public School District,338,75.74%,57.10%,Laporte Public School District,333,79.58%,48.35%,Laporte Public School District,332,79.22%,55.12%,24.42,48.66,22.29,39.31,Laporte Public School District,25.41,34.24,Laporte Public School District,-0.087223587,-0.0213,0.139973082,0.0312,0.040540541,0.0099,-0.19214961,-0.0935,-0.128974816,-0.0507,-0.296341965,-0.1442,Laporte Public School District,0.0099
1,308,Nevis Public School District,626,88.98%,45.85%,Nevis Public School District,579,86.70%,35.58%,Nevis Public School District,621,85.51%,44.28%,58.04,68.05,56.07,60.76,Nevis Public School District,52.51,57.77,Nevis Public School District,-0.033942109,-0.0197,-0.063492063,-0.0356,-0.095279118,-0.0553,-0.107127112,-0.0729,-0.049210007,-0.0299,-0.151065393,-0.1028,Nevis Public School District,-0.0553
1,876,Annandale Public School District,1974,91.89%,24.97%,Annandale Public School District,2057,92.17%,12.15%,Annandale Public School District,2006,91.87%,26.12%,65.49,67.03,59.66,61.68,Annandale Public School District,60.04,60.33,Annandale Public School District,-0.089021225,-0.0583,0.006369427,0.0038,-0.083218812,-5.45,-0.079815008,-0.0535,-0.02188716,-0.0135,-0.099955244,-6.7,Annandale Public School District,-5.45
1,314,Braham Public School District,755,93.91%,41.32%,Braham Public School District,734,91.28%,24.25%,Braham Public School District,783,87.48%,37.80%,59.9,59.51,43.83,48.7,Braham Public School District,45.97,50.84,Braham Public School District,-0.268280467,-0.1607,0.048825006,0.0214,-0.232554257,-0.1393,-0.181650143,-0.1081,0.043942505,0.0214,-0.1456898,-0.0867,Braham Public School District,-0.0867
1,309,Park Rapids Public School District,1739,83.90%,51.01%,Park Rapids Public School District,1744,82.63%,42.32%,Park Rapids Public School District,1589,79.61%,48.21%,45.71,51.41,38.26,41,Park Rapids Public School District,38.61,40.86,Park Rapids Public School District,-0.16298403,-0.0745,0.009147935,0.0035,-0.155327062,-7.1,-0.202489788,-0.1041,-0.003414634,-0.0014,-0.205212994,-10.55,Park Rapids Public School District,-7.1
1,317,Deer River Public School District,971,52.83%,68.69%,Deer River Public School District,901,50.06%,61.04%,Deer River Public School District,833,50.90%,63.87%,40.18,53.51,32.98,44.69,Deer River Public School District,37.43,47.84,Deer River Public School District,-0.179193629,-0.072,0.134930261,0.0445,-0.068442011,-0.0275,-0.164829004,-0.0882,0.070485567,0.0315,-0.105961503,-0.0567,Deer River Public School District,-0.0275
1,77,Mankato Public School District,8799,74.96%,34.61%,Mankato Public School District,8640,70.73%,29.79%,Mankato Public School District,8219,67.88%,37.68%,59.17,64.2,48.38,55.23,Mankato Public School District,54.98,54.42,Mankato Public School District,-0.182355924,-0.1079,0.136420008,0.066,-0.070812912,-4.19,-0.139719626,-0.0897,-0.014665942,-0.0081,-0.152336449,-9.78,Mankato Public School District,-4.19
1,319,Nashwauk-Keewatin School District,610,87.38%,53.11%,Nashwauk-Keewatin School District,599,87.15%,39.73%,Nashwauk-Keewatin School District,541,83.73%,52.31%,45.36,50.47,35.96,46.34,Nashwauk-Keewatin School District,33.08,43.94,Nashwauk-Keewatin School District,-0.207231041,-0.094,-0.080088988,-0.0288,-0.270723104,-0.1228,-0.081830791,-0.0413,-0.051791109,-0.024,-0.129383792,-0.0653,Nashwauk-Keewatin School District,-0.0653
1,330,Heron Lake-Okabena School District,300,83.67%,42.33%,Heron Lake-Okabena School District,324,73.77%,42.59%,Heron Lake-Okabena School District,260,74.62%,47.69%,38.41,45.65,18.46,34.29,Heron Lake-Okabena School District,33.33,38.66,Heron Lake-Okabena School District,-0.519395991,-0.1995,0.80552546,0.1487,-0.132257225,-0.0508,-0.248849945,-0.1136,0.127442403,0.0437,-0.153121577,-0.0699,Heron Lake-Okabena School District,-0.0508
1,531,Byron Public School District,2114,91.34%,10.55%,Byron Public School District,2278,89.77%,9.92%,Byron Public School District,2342,86.29%,15.71%,74.3,76.32,64.23,65.59,Byron Public School District,64.42,68.46,Byron Public School District,-0.135531629,-0.1007,0.002958119,0.0019,-0.132974428,-9.88,-0.140592243,-0.1073,0.04375667,0.0287,-0.102987421,-7.86,Byron Public School District,-7.86
1,333,Ogilvie Public School District,510,97.84%,40.20%,Ogilvie Public School District,526,97.53%,30.99%,Ogilvie Public School District,472,97.25%,40.47%,52.43,44.61,36.19,47.17,Ogilvie Public School District,34.65,36.68,Ogilvie Public School District,-0.309746328,-0.1624,-0.042553191,-0.0154,-0.339118825,-0.1778,0.057386236,0.0256,-0.22238711,-0.1049,-0.177762833,-0.0793,Ogilvie Public School District,-0.0793
1,345,New London-Spicer School District,1556,91.32%,26.09%,New London-Spicer School District,1550,89.35%,16.45%,New London-Spicer School District,1518,89.72%,23.91%,63.87,69.28,56.96,62.27,New London-Spicer School District,53.44,58.61,New London-Spicer School District,-0.108188508,-0.0691,-0.061797753,-0.0352,-0.163300454,-10.43,-0.101183603,-0.0701,-0.058776297,-0.0366,-0.154012702,-10.67,New London-Spicer School District,-10.43
1,206,Alexandria Public School District,4191,91.82%,27.92%,Alexandria Public School District,4083,90.01%,20.60%,Alexandria Public School District,4034,88.32%,28.31%,65.49,65.69,54.42,53.79,Alexandria Public School District,54.56,54.04,Alexandria Public School District,-0.16903344,-0.1107,0.002572584,0.0014,-0.166895709,-10.93,-0.181153905,-0.119,0.004647704,0.0025,-0.17734815,-11.65,Alexandria Public School District,-10.93
1,356,Lancaster Public School District,162,94.44%,36.42%,Lancaster Public School District,185,95.14%,26.49%,Lancaster Public School District,208,91.35%,58.17%,52.33,72.94,47.06,51.25,Lancaster Public School District,39,43.3,Lancaster Public School District,-0.100707051,-0.0527,-0.171270718,-0.0806,-0.254729601,-0.1333,-0.297367699,-0.2169,-0.155121951,-0.0795,-0.406361393,-0.2964,Lancaster Public School District,-0.1333
1,361,International Falls School District,1011,87.93%,38.67%,International Falls School District,899,84.76%,27.81%,International Falls School District,914,86.87%,43.33%,54.34,62.92,42.52,53.23,International Falls School District,31.91,47.3,International Falls School District,-0.217519323,-0.1182,-0.249529633,-0.1061,-0.412771439,-22.43,-0.154005086,-0.0969,-0.111403344,-0.0593,-0.248251748,-15.62,International Falls School District,-15.62
1,362,Littlefork-Big Falls School Dist.,327,89.91%,35.78%,Littlefork-Big Falls School Dist.,338,90.24%,27.51%,Littlefork-Big Falls School District,402,90.30%,42.79%,58.89,61.36,50,49.41,Littlefork-Big Falls School Dist.,36.65,35.57,Littlefork-Big Falls School District,-0.150959416,-0.0889,-0.267,-0.1335,-0.377653252,-0.2224,-0.194752282,-0.1195,-0.280105242,-0.1384,-0.420306389,-0.2579,Littlefork-Big Falls School District,-0.2224
1,363,South Koochiching School District,287,82.23%,49.48%,South Koochiching School District,284,79.23%,45.77%,South Koochiching School District,203,66.50%,61.58%,44.94,48.47,25.31,40.24,South Koochiching School District,21.51,37.14,South Koochiching School District,-0.436804628,-0.1963,-0.150138285,-0.038,-0.521361816,-0.2343,-0.16979575,-0.0823,-0.077037773,-0.031,-0.233752837,-0.1133,South Koochiching School District,-0.1133
1,378,Dawson-Boyd Public School District,568,87.32%,36.80%,Dawson-Boyd Public School District,557,86.00%,30.88%,Dawson-Boyd Public School District,566,82.86%,38.16%,59.16,64.67,41.87,56.49,Dawson-Boyd Public School District,40.34,53.06,Dawson-Boyd Public School District,-0.292258283,-0.1729,-0.036541677,-0.0153,-0.318120352,-0.1882,-0.126488325,-0.0818,-0.060718711,-0.0343,-0.179526829,-0.1161,Dawson-Boyd Public School District,-0.1161
1,742,St. Cloud Public School District,10292,45.31%,61.37%,St. Cloud Public School District,9546,38.60%,57.10%,St. Cloud Public School District,9940,36.06%,64.90%,36.23,43.7,28.01,38.34,St. Cloud Public School District,24.81,33.71,St. Cloud Public School District,-0.226883798,-0.0822,-0.114244913,-0.032,-0.315208391,-11.42,-0.122654462,-0.0536,-0.120761607,-0.0463,-0.228604119,-9.99,St. Cloud Public School District,-9.99
1,390,Lake of The Woods School District,477,85.95%,42.14%,Lake of The Woods School District,473,86.05%,21.99%,Lake of The Woods School District,462,82.25%,34.42%,39.41,48.25,28.57,38.12,Lake of the Woods School District,29.02,38.64,Lake of the Woods School District,-0.275057092,-0.1084,0.015750788,0.0045,-0.26363867,-0.1039,-0.209948187,-0.1013,0.013641133,0.0052,-0.199170984,-0.0961,Lake of the Woods School District,-0.0961
1,391,Cleveland Public School District,524,91.03%,25.57%,Cleveland Public School District,559,92.49%,13.42%,Cleveland Public School District,650,89.69%,20.77%,55.76,66.79,49.28,58.8,Cleveland Public School District,48.43,53.58,Cleveland Public School District,-0.116212339,-0.0648,-0.017248377,-0.0085,-0.131456241,-0.0733,-0.119628687,-0.0799,-0.08877551,-0.0522,-0.197784099,-0.1321,Cleveland Public School District,-0.0733
1,402,Hendricks Public School District,138,89.13%,31.16%,Hendricks Public School District,166,84.34%,30.12%,Hendricks Public School District,244,81.15%,45.90%,57.89,71.43,43.33,48.57,Hendricks Public School District,42.19,48.48,Hendricks Public School District,-0.251511487,-0.1456,-0.026309716,-0.0114,-0.271204008,-0.157,-0.320033599,-0.2286,-0.001852996,-0.0009,-0.321293574,-0.2295,Hendricks Public School District,-0.157
1,403,Ivanhoe Public School District,91,95.60%,37.36%,Ivanhoe Public School District,83,97.59%,20.48%,Ivanhoe Public School District,71,94.37%,22.54%,67.35,55.1,69.57,64.44,Ivanhoe Public School District,63.89,72.22,Ivanhoe Public School District,0.032962138,0.0222,-0.081644387,-0.0568,-0.051373422,-0.0346,0.169509982,0.0934,0.120732464,0.0778,0.310707804,0.1712,Ivanhoe Public School District,0.1712
1,404,Lake Benton Public School District,144,94.44%,33.33%,Lake Benton Public School District,120,95.00%,30.00%,Lake Benton Public School District,102,93.14%,37.25%,68.29,78.05,63.93,67.21,Lake Benton Public School District,75.51,73.47,Lake Benton Public School District,-0.063845365,-0.0436,0.181135617,0.1158,0.105725582,0.0722,-0.13888533,-0.1084,0.093140902,0.0626,-0.058680333,-0.0458,Lake Benton Public School District,0.0722
1,518,Worthington Public School District,3904,34.20%,62.12%,Worthington Public School District,3797,25.76%,60.76%,Worthington Public School District,4064,27.78%,63.44%,35.63,44.61,27.23,36.04,Worthington Public School District,27.21,32.56,Worthington Public School District,-0.235756385,-0.084,-0.000734484,-0.0002,-0.23631771,-8.42,-0.192109393,-0.0857,-0.096559378,-0.0348,-0.270118807,-12.05,Worthington Public School District,-8.42
1,414,Minneota Public School District,530,89.62%,28.30%,Minneota Public School District,520,90.00%,15.77%,Minneota Public School District,554,89.71%,25.45%,70.57,74.16,60.43,61.51,Minneota Public School District,62.11,67.25,Minneota Public School District,-0.143687119,-0.1014,0.027800761,0.0168,-0.119880969,-0.0846,-0.170577131,-0.1265,0.09331816,0.0574,-0.093176915,-0.0691,Minneota Public School District,-0.0691
1,415,Lynd Public School District,180,61.11%,59.44%,Lynd Public School District,164,65.24%,55.49%,Lynd Public School District,175,56.57%,56.57%,31.08,39.19,25.58,35.96,Lynd Public School District,17.02,39.36,Lynd Public School District,-0.176962677,-0.055,-0.334636435,-0.0856,-0.452380952,-0.1406,-0.082418984,-0.0323,0.094549499,0.034,0.004337841,0.0017,Lynd Public School District,0.0017
1,727,Big Lake Public School District,3056,85.31%,22.68%,Big Lake Public School District,3112,79.53%,19.44%,Big Lake Public School District,3190,76.14%,33.45%,62.96,63.13,48.53,53.95,Big Lake Public School District,48.36,50.06,Big Lake Public School District,-0.229193139,-0.1443,-0.003502988,-0.0017,-0.231893266,-14.6,-0.145414225,-0.0918,-0.0721038,-0.0389,-0.207033106,-13.07,Big Lake Public School District,-13.07
1,424,Lester Prairie Public School Dist.,434,78.34%,30.18%,Lester Prairie Public School Dist.,471,74.10%,21.23%,Lester Prairie Public School District,435,73.56%,31.72%,51.95,55.39,46.99,45.79,Lester Prairie Public School Dist.,44.62,34.82,Lester Prairie Public School District,-0.09547642,-0.0496,-0.050436263,-0.0237,-0.141097209,-0.0733,-0.173316483,-0.096,-0.239571959,-0.1097,-0.371366673,-0.2057,Lester Prairie Public School District,-0.0733
1,432,Mahnomen Public School District,642,15.42%,79.75%,Mahnomen Public School District,701,12.84%,67.05%,Mahnomen Public School District,674,7.57%,76.56%,32.08,33.33,20.29,20.44,Mahnomen Public School District,16.46,23.8,Mahnomen Public School District,-0.367518703,-0.1179,-0.188762937,-0.0383,-0.486907731,-0.1562,-0.386738674,-0.1289,0.164383562,0.0336,-0.285928593,-0.0953,Mahnomen Public School District,-0.0953
1,435,Waubun-Ogema-White Earth Public Sch,697,19.23%,68.72%,Waubun-Ogema-White Earth Schools,699,16.02%,64.23%,Waubun-Ogema-White Earth Schools,727,15.27%,63.69%,32.23,41.97,27.54,33.73,Waubun-Ogema-White Earth Schools,23.81,32.66,Waubun-Ogema-White Earth Schools,-0.145516599,-0.0469,-0.135439361,-0.0373,-0.261247285,-0.0842,-0.196330712,-0.0824,-0.031722502,-0.0107,-0.221825113,-0.0931,Waubun-Ogema-White Earth Public Schools,-0.0842
1,441,Marshall County Central Schools,427,95.78%,33.96%,Marshall County Central Schools,440,94.77%,25.68%,Marshall County Central Schools,463,93.09%,38.66%,49.79,62.65,42.19,54.84,Marshall County Central Schools,38.84,53.7,Marshall County Central Schools,-0.152641093,-0.076,-0.079402702,-0.0335,-0.219923679,-0.1095,-0.124660814,-0.0781,-0.020787746,-0.0114,-0.142857143,-0.0895,Marshall County Central Schools,-0.0895
1,447,Grygla Public School District,149,95.30%,46.98%,Grygla Public School District,134,92.54%,32.09%,Grygla Public School District,135,87.41%,37.78%,70.67,51.28,47.22,40.54,Grygla Public School District,42.42,35.62,Grygla Public School District,-0.331823971,-0.2345,-0.101651842,-0.048,-0.399745295,-0.2825,-0.209438378,-0.1074,-0.121361618,-0.0492,-0.305382215,-0.1566,Grygla Public School District,-0.1566
1,458,Truman Public School District,216,91.67%,62.04%,Truman Public School District,253,88.54%,54.55%,Truman Public School District,229,86.03%,56.33%,34.34,56,30.77,37.5,Truman Public School District,31.82,35.78,Truman Public School District,-0.103960396,-0.0357,0.034124147,0.0105,-0.073383809,-0.0252,-0.330357143,-0.185,-0.045866667,-0.0172,-0.361071429,-0.2022,Truman Public School District,-0.0252
1,463,Eden Valley-Watkins School District,971,93.61%,31.51%,Eden Valley-Watkins School District,926,93.74%,22.46%,Eden Valley-Watkins School District,868,92.86%,27.19%,71.01,68.28,52.97,49.69,Eden Valley-Watkins School District,59.11,52.09,Eden Valley-Watkins School District,-0.254048726,-0.1804,0.115914669,0.0614,-0.167582031,-0.119,-0.272261277,-0.1859,0.048299457,0.024,-0.237111892,-0.1619,Eden Valley-Watkins School District,-0.119
1,270,Hopkins Public School District,6883,52.96%,35.44%,Hopkins Public School District,6942,50.29%,30.80%,Hopkins Public School District,7129,49.25%,37.35%,54.48,59.48,41.81,51.94,Hopkins Public School District,38,48.66,Hopkins Public School District,-0.232562408,-0.1267,-0.091126525,-0.0381,-0.302496329,-16.48,-0.126765299,-0.0754,-0.063149788,-0.0328,-0.181909886,-10.82,Hopkins Public School District,-10.82
1,294,Houston Public School District,1976,74.85%,30.01%,Houston Public School District,1906,71.20%,36.04%,Houston Public School District,1934,68.20%,52.02%,40.65,58.07,32.88,50.91,Houston Public School District,32.56,49.74,Houston Public School District,-0.191143911,-0.0777,-0.00973236,-0.0032,-0.19901599,-8.09,-0.123299466,-0.0716,-0.022981732,-0.0117,-0.143447563,-8.33,Houston Public School District,-8.09
1,473,Isle Public School District,432,77.78%,56.25%,Isle Public School District,434,78.34%,51.84%,Isle Public School District,394,79.70%,51.27%,34.21,54.24,44.44,43.6,Isle Public School District,37.44,39.61,Isle Public School District,0.29903537,0.1023,-0.157515752,-0.07,0.094416837,0.0323,-0.196165192,-0.1064,-0.091513761,-0.0399,-0.269727139,-0.1463,Isle Public School District,0.0323
1,745,Albany Public School District,1768,95.70%,19.57%,Albany Public School District,1774,93.80%,14.54%,Albany Public School District,1744,93.92%,18.58%,71.44,68.55,59.21,55.95,Albany Public School District,58.83,57.85,Albany Public School District,-0.171192609,-0.1223,-0.006417835,-0.0038,-0.176511758,-12.61,-0.18380744,-0.126,0.033958892,0.019,-0.156090445,-10.7,Albany Public School District,-10.7
1,480,Onamia Public School District,646,41.02%,68.73%,Onamia Public School District,561,39.22%,55.44%,Onamia Public School District,556,39.21%,80.58%,30.03,36.3,20.1,34.58,Onamia Public School District,13.51,25.23,Onamia Public School District,-0.330669331,-0.0993,-0.327860697,-0.0659,-0.55011655,-0.1652,-0.04738292,-0.0172,-0.270387507,-0.0935,-0.304958678,-0.1107,Onamia Public School District,-0.1107
1,549,Perham-Dent Public School District,1527,81.53%,36.08%,Perham-Dent Public School District,1572,80.53%,22.07%,Perham-Dent Public School District,1671,80.73%,34.71%,59.08,61.98,46.78,56.7,Perham-Dent Public School District,46.34,54.58,Perham-Dent Public School District,-0.208192282,-0.123,-0.009405729,-0.0044,-0.21563981,-12.74,-0.085188771,-0.0528,-0.037389771,-0.0212,-0.119393353,-7.4,Perham-Dent Public School District,-7.4
1,332,Mora Public School District,1643,91.36%,39.93%,Mora Public School District,1607,89.73%,33.35%,Mora Public Schools,1656,87.68%,40.58%,58.86,66.06,51.88,61.3,Mora Public School District,51.44,61.14,Mora Public Schools,-0.118586476,-0.0698,-0.00848111,-0.0044,-0.126061842,-7.42,-0.072055707,-0.0476,-0.002610114,-0.0016,-0.074477748,-4.92,Mora Public School District,-4.92
1,485,Royalton Public School District,954,93.50%,28.09%,Royalton Public School District,932,94.31%,20.28%,Royalton Public School District,938,93.92%,27.83%,52.92,52.71,51.95,52.92,Royalton Public School District,48.25,49.15,Royalton Public School District,-0.018329554,-0.0097,-0.071222329,-0.037,-0.08824641,-0.0467,0.003984064,0.0021,-0.071239607,-0.0377,-0.067539366,-0.0356,Royalton Public School District,-0.0356
1,486,Swanville Public School District,329,94.53%,39.51%,Swanville Public School District,350,91.14%,34.29%,Swanville Public School District,367,90.46%,40.33%,44.94,52.75,27.66,37.06,Swanville Public School District,31.67,32.43,Swanville Public School District,-0.384512684,-0.1728,0.144974693,0.0401,-0.295282599,-0.1327,-0.297440758,-0.1569,-0.124932542,-0.0463,-0.38521327,-0.2032,Swanville Public School District,-0.1327
1,487,Upsala Public School District,380,95.79%,30.53%,Upsala Public School District,363,96.14%,23.14%,Upsala Public School District,327,97.86%,29.36%,38.71,54.12,38.04,47.4,Upsala Public School District,44.51,53.8,Upsala Public School District,-0.017308189,-0.0067,0.170084122,0.0647,0.149832085,0.058,-0.124168514,-0.0672,0.135021097,0.064,-0.005912786,-0.0032,Upsala Public School District,0.058
1,623,Roseville Public School District,7655,43.66%,44.72%,Roseville Public School District,7379,40.01%,37.31%,Roseville Public School District,7256,37.57%,48.64%,49.07,56.35,37.45,50.04,Roseville Public School District,37.78,45.45,Roseville Public School District,-0.236804565,-0.1162,0.008811749,0.0033,-0.230079478,-11.29,-0.111978705,-0.0631,-0.091726619,-0.0459,-0.193433895,-10.9,Roseville Public School District,-10.9
1,495,Grand Meadow Public School District,438,91.32%,27.40%,Grand Meadow Public School District,466,90.56%,15.67%,Grand Meadow Public School District,443,92.55%,25.96%,41.67,53.16,26.14,40.52,Grand Meadow Public School District,36.52,56.83,Grand Meadow Public School District,-0.372690185,-0.1553,0.397092578,0.1038,-0.123590113,-0.0515,-0.237772761,-0.1264,0.402517275,0.1631,0.06903687,0.0367,Grand Meadow Public School District,0.0367
1,497,Lyle Public School District,284,79.23%,51.06%,Lyle Public School District,306,73.86%,54.90%,Lyle Public School District,306,79.74%,54.25%,25.37,40,19.59,32.43,Lyle Public School District,13.91,32.68,Lyle Public School District,-0.227828143,-0.0578,-0.289943849,-0.0568,-0.451714624,-0.1146,-0.18925,-0.0757,0.007708912,0.0025,-0.183,-0.0732,Lyle Public School District,-0.0732
1,499,LeRoy-Ostrander Public Schools,266,89.85%,37.22%,LeRoy-Ostrander Public Schools,250,90.00%,19.20%,LeRoy-Ostrander Public Schools,258,87.98%,33.33%,47.68,63.4,31.58,45.86,LeRoy-Ostrander Public Schools,26.77,32.54,LeRoy-Ostrander Public Schools,-0.337667785,-0.161,-0.15231159,-0.0481,-0.438548658,-0.2091,-0.276656151,-0.1754,-0.290449193,-0.1332,-0.486750789,-0.3086,Leroy-Ostrander Public Schools,-0.2091
1,500,Southland Public School District,382,91.36%,27.23%,Southland Public School District,410,90.98%,24.63%,Southland Public School District,520,87.88%,36.35%,51.72,57.08,47.2,55.26,Southland Public School District,37.7,52.51,Southland Public School District,-0.087393658,-0.0452,-0.201271186,-0.095,-0.271075019,-0.1402,-0.031885074,-0.0182,-0.049764748,-0.0275,-0.080063069,-0.0457,Southland Public School District,-0.0457
1,505,Fulda Public School District,346,80.92%,37.28%,Fulda Public School District,378,76.46%,38.36%,Fulda Public School District,336,75.30%,47.92%,57.69,54.75,45.64,44.17,Fulda Public School District,43.39,50,Fulda Public School District,-0.208875022,-0.1205,-0.049298861,-0.0225,-0.247876582,-0.143,-0.193242009,-0.1058,0.131990038,0.0583,-0.086757991,-0.0475,Fulda Public School District,-0.0475
1,507,Nicollet Public School District,391,90.28%,18.67%,Nicollet Public School District,362,90.06%,10.50%,Nicollet Public School District,314,92.68%,21.02%,52.86,55.96,37.7,51.74,Nicollet Public School District,55.63,55.63,Nicollet Public School District,-0.286795308,-0.1516,0.475596817,0.1793,0.052402573,0.0277,-0.075411008,-0.0422,0.07518361,0.0389,-0.005897069,-0.0033,Nicollet Public School District,0.0277
1,621,Mounds View Public School District,11957,62.16%,29.89%,Mounds View Public School District,11747,58.88%,25.60%,Mounds View Public School District,11934,58.16%,33.44%,66.91,67.58,54.61,59.84,Mounds View Public School District,55.82,56.49,Mounds View Public School District,-0.183829024,-0.123,0.022157114,0.0121,-0.165745031,-11.09,-0.114530926,-0.0774,-0.05598262,-0.0335,-0.164101805,-11.09,Mounds View Public School District,-11.09
1,511,Adrian Public School District,574,81.01%,40.24%,Adrian Public School District,589,79.97%,25.98%,Adrian Public School District,589,81.32%,36.67%,52.16,57.33,44.73,53.44,Adrian Public School District,54,50.34,Adrian Public School District,-0.142446319,-0.0743,0.207243461,0.0927,0.035276074,0.0184,-0.067852782,-0.0389,-0.058008982,-0.031,-0.121925693,-0.0699,Adrian Public School District,0.0184
1,514,Ellsworth Public School District,142,96.48%,46.48%,Ellsworth Public School District,146,90.41%,40.41%,Ellsworth Public School District,136,86.03%,39.71%,48.68,63.38,30.56,46.84,Ellsworth Public School District,50.68,50.68,Ellsworth Public School District,-0.372226787,-0.1812,0.658376963,0.2012,0.041084634,0.02,-0.260965604,-0.1654,0.081981213,0.0384,-0.200378668,-0.127,Ellsworth Public School District,0.02
1,2860,Blue Earth Area Public School,1035,82.03%,42.22%,Blue Earth Area Public School,1080,79.26%,41.30%,Blue Earth Area School District,1064,74.62%,51.79%,47.74,54.06,33.96,42.75,Blue Earth Area School District,33.27,44.64,Blue Earth Area School District,-0.288646837,-0.1378,-0.020318021,-0.0069,-0.303100126,-14.47,-0.209211987,-0.1131,0.044210526,0.0189,-0.174250832,-9.42,Blue Earth Area Public School,-9.42
1,593,Crookston Public School District,1191,66.41%,49.45%,Crookston Public School District,1158,61.14%,50.43%,Crookston Public School District,1140,60.53%,55.53%,56.16,55.86,42.1,44.96,Crookston Public School District,41.4,49.33,Crookston Public School District,-0.250356125,-0.1406,-0.016627078,-0.007,-0.262820513,-14.76,-0.195130684,-0.109,0.097197509,0.0437,-0.116899391,-6.53,Crookston Public School District,-6.53
1,381,Lake Superior Public School Dist.,1391,95.40%,26.02%,Lake Superior Public School Dist.,1336,94.24%,20.88%,Lake Superior Public School District,1286,91.84%,33.59%,57.62,61.62,35.31,44.13,Lake Superior Public School District,34.56,43.11,Lake Superior Public School District,-0.387191947,-0.2231,-0.021240442,-0.0075,-0.400208261,-23.06,-0.283836417,-0.1749,-0.023113528,-0.0102,-0.300389484,-18.51,Lake Superior Public School District,-18.51
1,740,Melrose Public School District,1331,70.32%,42.37%,Melrose Public School District,1269,69.27%,25.45%,Melrose Public School District,1313,66.18%,40.52%,59.1,54.61,48.46,48.2,Melrose Public School District,47.66,46.52,Melrose Public School District,-0.180033841,-0.1064,-0.016508461,-0.008,-0.19357022,-11.44,-0.11737777,-0.0641,-0.034854772,-0.0168,-0.148141366,-8.09,Melrose Public School District,-8.09
1,738,Holdingford Public School District,1064,97.65%,23.40%,Holdingford Public School District,1058,96.03%,15.50%,Holdingford Public School District,1098,96.27%,29.51%,71.27,67.07,54.3,60.96,Holdingford Public School District,53.42,50.94,Holdingford Public School District,-0.238108601,-0.1697,-0.016206262,-0.0088,-0.250456012,-17.85,-0.091098852,-0.0611,-0.164370079,-0.1002,-0.240495005,-16.13,Holdingford Public School District,-16.13
1,542,Battle Lake Public School District,428,89.02%,29.44%,Battle Lake Public School District,404,88.37%,30.20%,Battle Lake Public School District,414,86.96%,32.13%,70.48,71.67,66.67,63.43,Battle Lake Public School District,64,62.8,Battle Lake Public School District,-0.054057889,-0.0381,-0.040047998,-0.0267,-0.091940976,-0.0648,-0.114971397,-0.0824,-0.009932209,-0.0063,-0.123761686,-0.0887,Battle Lake Public School District,-0.0648
1,831,Forest Lake Public School District,6148,85.78%,21.83%,Forest Lake Public School District,5958,81.40%,17.47%,Forest Lake Public School District,5776,77.01%,27.13%,60.13,61.04,47.46,50.64,Forest Lake Public School District,49.61,49.8,Forest Lake Public School District,-0.210710128,-0.1267,0.045301306,0.0215,-0.174954266,-10.52,-0.170380079,-0.104,-0.016587678,-0.0084,-0.184141547,-11.24,Forest Lake Public School District,-10.52
1,545,Henning Public School District,368,94.29%,39.13%,Henning Public School District,377,90.45%,31.03%,Henning Public School District,381,92.13%,43.83%,59.9,65.45,46.94,55.26,Henning Public School District,47.21,54.59,Henning Public School District,-0.216360601,-0.1296,0.005752024,0.0027,-0.211853088,-0.1269,-0.155691367,-0.1019,-0.012124502,-0.0067,-0.165928189,-0.1086,Henning Public School District,-0.1086
1,547,Parkers Prairie Public School Dist.,552,95.83%,25.72%,Parkers Prairie Public School Dist.,544,96.32%,20.59%,Parkers Prairie Public School District,531,96.42%,30.51%,55.56,64.69,49.82,44.88,Parkers Prairie Public School Dist.,43.96,46.67,Parkers Prairie Public School District,-0.103311735,-0.0574,-0.117623444,-0.0586,-0.208783297,-0.116,-0.306229711,-0.1981,0.039884135,0.0179,-0.278559283,-0.1802,Parkers Prairie Public School District,-0.116
1,548,Pelican Rapids Public School Dist.,890,53.03%,54.49%,Pelican Rapids Public School District,867,53.17%,49.94%,Pelican Rapids Public School District,842,51.07%,57.96%,56.14,56.83,43.86,48.16,Pelican Rapids Public School District,47.5,50,Pelican Rapids Public School District,-0.218738867,-0.1228,0.082991336,0.0364,-0.153900962,-0.0864,-0.152560267,-0.0867,0.03820598,0.0184,-0.120183002,-0.0683,Pelican Rapids Public School District,-0.0683
1,347,Willmar Public School District,4478,39.97%,63.13%,Willmar Public School District,4332,35.96%,58.70%,Willmar Public School District,4218,33.55%,64.84%,48.2,46.66,40.64,36.1,Willmar Public School District,39.61,35.63,Willmar Public School District,-0.156846473,-0.0756,-0.025344488,-0.0103,-0.178215768,-8.59,-0.226318045,-0.1056,-0.013019391,-0.0047,-0.236390913,-11.03,Willmar Public School District,-8.59
1,550,Underwood Public School District,567,93.65%,36.16%,Underwood Public School District,581,92.94%,26.51%,Underwood Public School District,554,92.78%,33.57%,56.25,59.62,42.39,43.37,Underwood Public School District,47.46,49.3,Underwood Public School District,-0.2464,-0.1386,0.11960368,0.0507,-0.156266667,-0.0879,-0.272559544,-0.1625,0.136730459,0.0593,-0.173096276,-0.1032,Underwood Public School District,-0.0879
1,553,New York Mills Public School Dist.,744,94.49%,35.35%,New York Mills Public School Dist.,785,93.63%,29.04%,New York Mills Public School District,822,93.19%,43.31%,55.96,59.9,53,48.68,New York Mills Public School Dist.,63.12,57.11,New York Mills Public School District,-0.052894925,-0.0296,0.190943396,0.1012,0.127948535,0.0716,-0.187312187,-0.1122,0.173171734,0.0843,-0.046577629,-0.0279,New York Mills Public School District,0.0716
1,561,Goodridge Public School District,250,88.40%,48.40%,Goodridge Public School District,268,88.43%,43.28%,Goodridge Public School District,275,89.82%,39.64%,48.36,47.5,25.85,37.93,Goodridge Public School District,32.84,32.14,Goodridge Public School District,-0.465467328,-0.2251,0.27040619,0.0699,-0.320926385,-0.1552,-0.201473684,-0.0957,-0.152649618,-0.0579,-0.323368421,-0.1536,Goodridge Public School District,-0.1536
1,564,Thief River Falls School District,2020,83.12%,35.05%,Thief River Falls School District,1853,83.05%,29.57%,Thief River Falls School District,1725,80.70%,39.42%,58.36,60.45,40.97,47.93,Thief River Falls School District,39.92,44.76,Thief River Falls School District,-0.297978067,-0.1739,-0.025628509,-0.0105,-0.315969842,-18.44,-0.207113317,-0.1252,-0.066138118,-0.0317,-0.25955335,-15.69,Thief River Falls School District,-15.69
1,577,Willow River Public School District,415,95.18%,40.48%,Willow River Public School District,423,93.62%,33.10%,Willow River Public School District,436,91.51%,41.51%,45.69,58.26,29.13,47.89,Willow River Public School District,36.32,48.89,Willow River Public School District,-0.362442548,-0.1656,0.246824579,0.0719,-0.205077698,-0.0937,-0.177995194,-0.1037,0.020881186,0.01,-0.160830759,-0.0937,Willow River Public School District,-0.0937
1,533,Dover-Eyota Public School District,1101,93.46%,18.62%,Dover-Eyota Public School District,1082,92.42%,15.71%,Dover-Eyota Public School District,1057,91.01%,18.92%,65.29,63.41,49.05,52.71,Dover-Eyota Public School District,48,51.18,Dover-Eyota Public School District,-0.248736407,-0.1624,-0.021406728,-0.0105,-0.264818502,-17.29,-0.1687431,-0.107,-0.02902675,-0.0153,-0.192871787,-12.23,Dover-Eyota Public School District,-12.23
1,581,Edgerton Public School District,427,74.47%,44.96%,Edgerton Public School District,444,69.14%,43.24%,Edgerton Public School District,437,71.17%,40.96%,50.98,52.97,33.93,37.33,Edgerton Public School District,39.9,38.5,Edgerton Public School District,-0.33444488,-0.1705,0.175950486,0.0597,-0.217340133,-0.1108,-0.295261469,-0.1564,0.031342084,0.0117,-0.273173494,-0.1447,Edgerton Public School District,-0.1108
1,592,Climax-Shelly Public Schools,222,76.58%,63.51%,Climax-Shelly Public Schools,186,73.66%,61.83%,Climax-Shelly Public Schools,159,68.55%,64.78%,32.52,50.41,26.92,44.34,Climax-Shelly Public Schools,12.22,20.99,Climax-Shelly Public Schools,-0.172201722,-0.056,-0.546062407,-0.147,-0.624231242,-0.203,-0.120412617,-0.0607,-0.526612539,-0.2335,-0.583614362,-0.2942,Climax-Shelly Public Schools,-0.203
1,423,Hutchinson Public School District,2944,86.01%,28.09%,Hutchinson Public School District,2756,82.98%,23.15%,Hutchinson Public School District,2722,80.75%,32.73%,65.64,66.27,56.11,57.57,Hutchinson Public School District,55.06,54.78,Hutchinson Public School District,-0.145185862,-0.0953,-0.018713242,-0.0105,-0.161182206,-10.58,-0.131281123,-0.087,-0.048462741,-0.0279,-0.173381621,-11.49,Hutchinson Public School District,-10.58
1,544,Fergus Falls Public School District,2890,86.40%,34.39%,Fergus Falls Public School District,2993,83.19%,27.53%,Fergus Falls Public School District,3235,80.22%,40.96%,58.98,65,54.19,59.66,Fergus Falls Public School District,52.91,58.67,Fergus Falls Public School District,-0.081213971,-0.0479,-0.023620594,-0.0128,-0.102916243,-6.07,-0.082153846,-0.0534,-0.016594033,-0.0099,-0.097384615,-6.33,Fergus Falls Public School District,-6.07
1,599,Fertile-Beltrami School District,476,93.49%,26.89%,Fertile-Beltrami School District,488,93.85%,24.18%,Fertile-Beltrami School District,495,92.93%,36.97%,64.36,71.21,54.26,60.69,Fertile-Beltrami School District,51.42,53.31,Fertile-Beltrami School District,-0.15692977,-0.101,-0.052340582,-0.0284,-0.201056557,-0.1294,-0.14773206,-0.1052,-0.121601582,-0.0738,-0.25136919,-0.179,Fertile-Beltrami School District,-0.1294
1,600,Fisher Public School District,274,82.48%,43.43%,Fisher Public School District,229,80.79%,36.24%,Fisher Public School District,222,74.32%,48.20%,39.86,41.55,29.25,47.75,Fisher Public School District,27.43,37.61,Fisher Public School District,-0.266181636,-0.1061,-0.062222222,-0.0182,-0.311841445,-0.1243,0.14921781,0.062,-0.212356021,-0.1014,-0.094825511,-0.0394,Fisher Public School District,-0.0394
1,601,Fosston Public School District,614,84.36%,39.09%,Fosston Public School District,591,80.71%,38.24%,Fosston Public School District,596,81.38%,54.70%,60.49,66.16,57.09,59.21,Fosston Public School District,47.72,56.74,Fosston Public School District,-0.056207638,-0.034,-0.164126817,-0.0937,-0.211109274,-0.1277,-0.105048368,-0.0695,-0.041715926,-0.0247,-0.142382104,-0.0942,Fosston Public School District,-0.0942
1,595,East Grand Forks Public School Dist,1965,73.08%,33.33%,East Grand Forks Public School Dist,1949,73.11%,29.96%,East Grand Forks Public Schools,2005,73.17%,33.72%,51.6,53.87,44.39,52.06,East Grand Forks Public Schools,43.1,46.37,East Grand Forks Public Schools,-0.139728682,-0.0721,-0.029060599,-0.0129,-0.164728682,-8.5,-0.033599406,-0.0181,-0.109296965,-0.0569,-0.139224058,-7.5,East Grand Forks Public School District,-7.5
1,813,Lake City Public School District,1253,89.86%,23.78%,Lake City Public School District,1202,88.02%,20.88%,Lake City Public School District,1189,85.62%,32.72%,54.79,56.03,46.78,47.45,Lake City Public School District,45.44,46.99,Lake City Public School District,-0.146194561,-0.0801,-0.02864472,-0.0134,-0.170651579,-9.35,-0.153132251,-0.0858,-0.009694415,-0.0046,-0.161342138,-9.04,Lake City Public School District,-9.04
1,492,Austin Public School District,5293,49.25%,55.41%,Austin Public School District,5182,44.71%,50.77%,Austin Public School District,5385,38.57%,59.07%,37.09,43.56,27.45,35.5,Austin Public School District,24.08,32.12,Austin Public School District,-0.259908331,-0.0964,-0.12276867,-0.0337,-0.350768401,-13.01,-0.18503214,-0.0806,-0.095211268,-0.0338,-0.262626263,-11.44,Austin Public School District,-11.44
1,624,White Bear Lake School District,8860,72.96%,26.31%,White Bear Lake School District,8481,71.42%,22.24%,White Bear Lake School District,8571,67.32%,30.43%,62.67,65.07,48.25,55.22,White Bear Lake School District,48.75,52.7,White Bear Lake School District,-0.230094144,-0.1442,0.010362694,0.005,-0.222115845,-13.92,-0.151375442,-0.0985,-0.045635639,-0.0252,-0.190102966,-12.37,White Bear Lake School District,-12.37
1,271,Bloomington Public School District,10641,48.32%,41.21%,Bloomington Public School District,10347,45.42%,39.02%,Bloomington Public Schools,10442,41.97%,47.53%,46.99,53.48,36.6,48.58,Bloomington Public School District,38.3,41.75,Bloomington Public Schools,-0.221110875,-0.1039,0.046448087,0.017,-0.184932964,-8.69,-0.091623037,-0.049,-0.140592837,-0.0683,-0.219334331,-11.73,Bloomington Public School District,-8.69
1,630,Red Lake Falls Public School Dist.,370,89.46%,31.08%,Red Lake Falls Public School Dist.,381,88.98%,24.15%,Red Lake Falls Public School District,421,84.56%,37.77%,58.29,59.49,53.33,52.48,Red Lake Falls Public School Dist.,54.39,53.13,Red Lake Falls Public School District,-0.085091782,-0.0496,0.019876242,0.0106,-0.066906845,-0.039,-0.11783493,-0.0701,0.012385671,0.0065,-0.106908724,-0.0636,Red Lake Falls Public School District,-0.039
1,640,Wabasso Public School District,407,95.82%,27.52%,Wabasso Public School District,399,92.23%,33.83%,Wabasso Public School District,404,91.83%,35.89%,60.68,56.11,53.59,52.11,Wabasso Public School District,64.25,44.83,Wabasso Public School District,-0.116842452,-0.0709,0.198917709,0.1066,0.058833223,0.0357,-0.07128854,-0.04,-0.139704471,-0.0728,-0.201033684,-0.1128,Wabasso Public School District,0.0357
1,720,Shakopee Public School District,8319,57.42%,34.61%,Shakopee Public School District,7950,51.77%,31.76%,Shakopee Public School District,7717,46.75%,39.03%,58.54,62.33,46.51,55.19,Shakopee Public School District,41.5,50.5,Shakopee Public School District,-0.205500512,-0.1203,-0.10771877,-0.0501,-0.29108302,-17.04,-0.11455158,-0.0714,-0.084979163,-0.0469,-0.189796246,-11.83,Shakopee Public School District,-11.83
1,508,St. Peter Public School District,2246,70.44%,35.93%,St. Peter Public School District,2094,69.63%,27.98%,St. Peter Public School District,2107,70.05%,38.21%,59.2,59.06,51.56,50.97,St. Peter Public School District,49.66,56.17,St. Peter Public School District,-0.129054054,-0.0764,-0.036850272,-0.019,-0.161148649,-9.54,-0.136979343,-0.0809,0.102020797,0.052,-0.048933288,-2.89,St. Peter Public School District,-2.89
1,671,Hills-Beaver Creek School District,364,93.68%,16.48%,Hills-Beaver Creek School District,367,93.46%,17.44%,Hills-Beaver Creek School District,343,88.63%,22.45%,67.53,67.96,58.05,62.64,Hills-Beaver Creek School District,55.5,62.11,Hills-Beaver Creek School District,-0.140382052,-0.0948,-0.043927649,-0.0255,-0.178143048,-0.1203,-0.078281342,-0.0532,-0.008461047,-0.0053,-0.086080047,-0.0585,Hills-Beaver Creek School District,-0.0585
1,676,Badger Public School District,220,91.36%,47.27%,Badger Public School District,224,91.07%,29.02%,Badger Public School District,223,88.79%,56.50%,57.52,70.63,42.2,51.75,Badger Public School District,35.65,46.15,Badger Public School District,-0.266342142,-0.1532,-0.15521327,-0.0655,-0.380215577,-0.2187,-0.267308509,-0.1888,-0.10821256,-0.056,-0.346594931,-0.2448,Badger Public School District,-0.2187
1,861,Winona Area Public School District,2937,79.81%,39.84%,Winona Area Public School District,2556,75.12%,31.10%,Winona Area Public School District,2465,71.32%,44.95%,48.57,49.16,36.12,41.45,Winona Area Public School District,34.12,38.53,Winona Area Public School District,-0.256331069,-0.1245,-0.055370986,-0.02,-0.29750875,-14.45,-0.156834825,-0.0771,-0.070446321,-0.0292,-0.21623271,-10.63,Winona Area Public School District,-10.63
1,13,Columbia Heights Public School Dist,3398,17.86%,72.81%,Columbia Heights Public School District,3258,15.62%,65.07%,Columbia Heights Public School District,3516,13.37%,76.59%,26.02,35.09,15.94,26.08,Columbia Heights Public School District,13.79,21.81,Columbia Heights Public School District,-0.387394312,-0.1008,-0.134880803,-0.0215,-0.470023059,-12.23,-0.25676831,-0.0901,-0.163726994,-0.0427,-0.3784554,-13.28,Columbia Heights Public School District,-12.23
1,695,Chisholm Public School District,726,90.63%,42.15%,Chisholm Public School District,688,90.12%,42.88%,Chisholm Public School District,640,87.50%,58.28%,45.34,59.7,27.98,40.63,Chisholm Public School District,25.32,40.24,Chisholm Public School District,-0.38288487,-0.1736,-0.095067906,-0.0266,-0.441552713,-0.2002,-0.319430486,-0.1907,-0.009598819,-0.0039,-0.325963149,-0.1946,Chisholm Public School District,-0.1946
1,696,Ely Public School District,573,89.88%,30.02%,Ely Public School District,508,89.17%,20.87%,Ely Public School District,528,91.67%,31.63%,49.53,62.75,43.62,56.14,Ely Public School District,43.23,54.2,Ely Public School District,-0.119321623,-0.0591,-0.008940853,-0.0039,-0.127195639,-0.063,-0.105338645,-0.0661,-0.034556466,-0.0194,-0.13625498,-0.0855,Ely Public School District,-0.063
1,698,Floodwood Public School District,222,85.14%,47.30%,Floodwood Public School District,165,82.42%,31.52%,Floodwood Public School District,168,85.71%,41.07%,44,52.48,32.53,51.32,Floodwood Public School District,39.78,47.78,Floodwood Public School District,-0.260681818,-0.1147,0.222871196,0.0725,-0.095909091,-0.0422,-0.022103659,-0.0116,-0.068978956,-0.0354,-0.089557927,-0.047,Floodwood Public School District,-0.0422
1,99,Esko Public School District,1283,92.21%,10.44%,Esko Public School District,1275,91.84%,6.27%,Esko Public School District,1287,92.39%,13.52%,75.77,80.72,66.77,70.75,Esko Public School District,64.33,66.42,Esko Public School District,-0.11878052,-0.09,-0.036543358,-0.0244,-0.150983239,-11.44,-0.12351338,-0.0997,-0.061201413,-0.0433,-0.1771556,-14.3,Esko Public School District,-11.44
1,138,North Branch Public Schools,2731,88.47%,29.00%,North Branch Area Public Schools,2573,84.61%,16.71%,North Branch Area Public Schools,2704,82.43%,29.47%,51.24,55.35,40.9,50.89,North Branch Area Public Schools,38.41,44.08,North Branch Area Public Schools,-0.201795472,-0.1034,-0.060880196,-0.0249,-0.25039032,-12.83,-0.080578139,-0.0446,-0.133818039,-0.0681,-0.203613369,-11.27,North Branch Public Schools,-11.27
1,182,Crosby-Ironton Public School Dist.,1048,91.51%,42.37%,Crosby-Ironton Public School District,1007,92.06%,27.71%,Crosby-Ironton Public School District,988,90.89%,43.72%,45.63,64.26,45.69,57.7,Crosby-Ironton Public School District,43.14,49.01,Crosby-Ironton Public School District,0.001314924,0.0006,-0.0558109,-0.0255,-0.054569362,-2.49,-0.102085279,-0.0656,-0.150606586,-0.0869,-0.237317149,-15.25,Crosby-Ironton Public School District,-2.49
1,707,Nett Lake Public School District,57,0.00%,64.91%,Nett Lake Public School District,40,0.00%,62.50%,Nett Lake Public School District,48,2.08%,79.17%,48.65,56.76,26.32,57.89,Nett Lake Public School District,20,36,Nett Lake Public School District,-0.458992806,-0.2233,-0.240121581,-0.0632,-0.588900308,-0.2865,0.019908386,0.0113,-0.378130938,-0.2189,-0.365750529,-0.2076,Nett Lake Public School District,-0.2076
1,316,Greenway Public School District,1067,84.35%,52.39%,Greenway Public School District,1066,81.80%,39.87%,Greenway Public School District,970,82.68%,52.27%,50.37,61.21,45.74,44.34,Greenway Public School District,43.16,44.08,Greenway Public School District,-0.091919794,-0.0463,-0.056405772,-0.0258,-0.143140758,-7.21,-0.275608561,-0.1687,-0.00586378,-0.0026,-0.279856233,-17.13,Greenway Public School District,-7.21
1,712,Mountain Iron-Buhl School District,536,82.84%,52.80%,Mountain Iron-Buhl School District,560,82.32%,39.64%,Mountain Iron-Buhl School District,637,85.40%,42.54%,45.79,63.21,36.93,51.18,Mountain Iron-Buhl School District,45.48,52.35,Mountain Iron-Buhl School District,-0.193492029,-0.0886,0.23151909,0.0855,-0.006770037,-0.0031,-0.190317988,-0.1203,0.022860492,0.0117,-0.171808258,-0.1086,Mountain Iron-Buhl School District,-0.0031
1,726,Becker Public School District,2942,92.76%,18.83%,Becker Public School District,2833,91.92%,14.19%,Becker Public School District,2877,90.51%,20.44%,66.22,64.88,54.64,58.46,Becker Public School District,51.89,52.65,Becker Public School District,-0.17487164,-0.1158,-0.050329429,-0.0275,-0.216399879,-14.33,-0.098951911,-0.0642,-0.099384194,-0.0581,-0.18850185,-12.23,Becker Public School District,-12.23
1,883,Rockford Public School District,1634,81.58%,23.81%,Rockford Public School District,1551,76.72%,21.41%,Rockford Public School District,1565,74.44%,29.78%,63.13,67.98,42.35,53.07,Rockford Public School District,39.51,51.31,Rockford Public School District,-0.329162047,-0.2078,-0.067060213,-0.0284,-0.374148582,-23.62,-0.219329214,-0.1491,-0.033163746,-0.0176,-0.245219182,-16.67,Rockford Public School District,-16.67
1,719,Prior Lake-Savage Area Schools,8931,80.27%,11.84%,Prior Lake-Savage Area Schools,8915,75.42%,11.04%,Prior Lake-Savage Area Schools,8788,73.21%,17.90%,71.61,68.43,60.1,61.75,Prior Lake-Savage Area Schools,57.58,59.63,Prior Lake-Savage Area Schools,-0.160731741,-0.1151,-0.041930116,-0.0252,-0.195922357,-14.03,-0.097618004,-0.0668,-0.034331984,-0.0212,-0.128598568,-8.8,Prior Lake-Savage Area Schools,-8.8
1,256,Red Wing Public School District,2667,75.67%,33.45%,Red Wing Public School District,2481,74.97%,25.11%,Red Wing Public School District,2225,71.42%,35.46%,48.88,54.75,33.99,42.2,Red Wing Public School District,31.06,37.92,Red Wing Public School District,-0.304623568,-0.1489,-0.086201824,-0.0293,-0.364566285,-17.82,-0.229223744,-0.1255,-0.101421801,-0.0428,-0.30739726,-16.83,Red Wing Public School District,-16.83
1,721,New Prague Area Schools,4276,92.94%,12.35%,New Prague Area Schools,4201,91.98%,10.62%,New Prague Area Schools,3980,91.51%,17.59%,70.8,69.89,61.62,62.11,New Prague Area Schools,58.53,53.2,New Prague Area Schools,-0.129661017,-0.0918,-0.050146056,-0.0309,-0.173305085,-12.27,-0.111317785,-0.0778,-0.14345516,-0.0891,-0.238803835,-16.69,New Prague Area Schools,-12.27
7,4020,Duluth Public Schools Academy,1362,77.17%,41.63%,Duluth Public Schools Academy,987,76.29%,33.94%,Duluth Public Schools Academy,780,68.33%,50.77%,54.06,55.35,33.12,45.25,Duluth Public Schools Academy,30.14,42.83,Duluth Public Schools Academy,-0.387347392,-0.2094,-0.089975845,-0.0298,-0.442471328,-0.2392,-0.182475158,-0.101,-0.053480663,-0.0242,-0.226196929,-0.1252,Duluth Public Schools Academy,-0.1252
1,701,Hibbing Public School District,2407,87.25%,40.96%,Hibbing Public School District,2190,85.16%,35.80%,Hibbing Public School District,2232,83.60%,47.45%,56.81,66.77,47.38,56,Hibbing Public School District,44.37,52.22,Hibbing Public School District,-0.165991903,-0.0943,-0.063528915,-0.0301,-0.218975532,-12.44,-0.161299985,-0.1077,-0.0675,-0.0378,-0.217912236,-14.55,Hibbing Public School District,-12.44
1,728,Elk River School District,13670,86.18%,15.76%,Elk River School District,13847,82.79%,11.16%,Elk River Public School District,14577,77.59%,21.91%,71.28,70.13,59.05,59.54,Elk River Public School District,60.89,60.37,Elk River Public School District,-0.17157688,-0.1223,0.031160034,0.0184,-0.145763187,-10.39,-0.151005276,-0.1059,0.013940208,0.0083,-0.139170113,-9.76,Elk River Public School District,-9.76
1,877,Buffalo-Hanover-Montrose Public Sch,5860,90.43%,22.08%,Buffalo-Hanover-Montrose Public Sch,5261,88.67%,16.54%,Buffalo-Hanover-Montrose Schools,5175,86.01%,27.13%,65.03,65.17,54.74,55.34,Buffalo-Hanover-Montrose Schools,50.74,53.26,Buffalo-Hanover-Montrose Schools,-0.158234661,-0.1029,-0.073072707,-0.04,-0.219744733,-14.29,-0.150836274,-0.0983,-0.037585833,-0.0208,-0.1827528,-11.91,Buffalo-Hanover-Montrose Public Schools,-11.91
1,739,Kimball Public School District,758,94.85%,23.61%,Kimball Public School District,751,95.21%,10.65%,Kimball Public School District,759,93.41%,25.03%,59.45,69.15,44.42,53.33,Kimball Public School District,44.18,45.09,Kimball Public School District,-0.252817494,-0.1503,-0.005402972,-0.0024,-0.2568545,-0.1527,-0.228778019,-0.1582,-0.154509657,-0.0824,-0.347939262,-0.2406,Kimball Public School District,-0.1527
1,191,Burnsville Public School District,8874,38.84%,51.00%,Burnsville Public School District,7745,31.22%,48.64%,Burnsville-Eagan-Savage School District,7663,27.47%,56.92%,43.29,48.2,31.42,40.52,Burnsville-Eagan-Savage School District,30.04,35.94,Burnsville-Eagan-Savage School District,-0.274197274,-0.1187,-0.043921069,-0.0138,-0.306075306,-13.25,-0.1593361,-0.0768,-0.113030602,-0.0458,-0.254356846,-12.26,Burnsville Public School District,-12.26
1,741,Paynesville Public School District,928,93.64%,31.03%,Paynesville Public School District,908,91.41%,18.06%,Paynesville Area Schools,894,90.83%,28.97%,59.43,59.96,33.64,39.09,Paynesville Public School District,38.43,48.7,Paynesville Area Schools,-0.433955915,-0.2579,0.142390012,0.0479,-0.35335689,-0.21,-0.348065377,-0.2087,0.245842927,0.0961,-0.187791861,-0.1126,Paynesville Public School District,-0.1126
1,690,Warroad Public School District,1002,73.75%,39.22%,Warroad Public School District,1050,74.57%,27.33%,Warroad Public School District,1041,73.58%,36.50%,49,66.67,42.78,55.78,Warroad Public School District,39.48,49.17,Warroad Public School District,-0.126938776,-0.0622,-0.07713885,-0.033,-0.194285714,-9.52,-0.163341833,-0.1089,-0.118501255,-0.0661,-0.262486876,-17.5,Warroad Public School District,-9.52
1,11,Anoka-Hennepin Public School District,38802,67.98%,32.38%,Anoka-Hennepin Public School District,38230,60.10%,29.48%,Anoka-Hennepin Public School District,38354,55.28%,38.56%,63.51,65.08,52.41,54.9,Anoka-Hennepin Public School District,51.94,52.64,Anoka-Hennepin Public School District,-0.174775626,-0.111,-0.008967754,-0.0047,-0.182176035,-11.57,-0.156422864,-0.1018,-0.041165756,-0.0226,-0.191149355,-12.44,Anoka-Hennepin Public School District,-11.57
1,578,Pine City Public School District,1594,90.15%,33.94%,Pine City Public School District,1572,88.10%,18.96%,Pine City Public School District,1582,86.60%,40.08%,48.81,55.74,43.24,48.14,Pine City Public School District,39.7,42.61,Pine City Public School District,-0.11411596,-0.0557,-0.08186864,-0.0354,-0.186642082,-9.11,-0.136347327,-0.076,-0.114873286,-0.0553,-0.235557948,-13.13,Pine City Public School District,-9.11
1,748,Sartell-St. Stephen School District,4074,90.77%,13.16%,Sartell-St. Stephen School District,4118,86.50%,14.69%,Sartell-St. Stephen School District,3943,84.17%,21.10%,75.28,72.1,61.17,65.53,Sartell-St. Stephen School District,64.53,61.82,Sartell-St. Stephen School District,-0.187433581,-0.1411,0.054928887,0.0336,-0.142800213,-10.75,-0.09112344,-0.0657,-0.056615291,-0.0371,-0.14257975,-10.28,Sartell-St. Stephen School District,-10.28
1,192,Farmington Public School District,7313,79.82%,15.12%,Farmington Public School District,6909,74.74%,13.89%,Farmington Public School District,6458,67.36%,25.44%,55.19,58.61,44.05,49.24,Farmington Public School District,40.27,45.27,Farmington Public School District,-0.201848161,-0.1114,-0.085811578,-0.0378,-0.270338829,-14.92,-0.159870329,-0.0937,-0.080625508,-0.0397,-0.227606211,-13.34,Farmington Public School District,-13.34
1,756,Blooming Prairie Public School Dist,759,88.93%,28.19%,Blooming Prairie Public School Dist,833,91.24%,28.57%,Blooming Prairie Public School District,864,93.52%,33.22%,60.05,63.83,55.48,54.57,Blooming Prairie Public School Dist,46.38,52.68,Blooming Prairie Public School District,-0.076103247,-0.0457,-0.164023071,-0.091,-0.22764363,-0.1367,-0.14507285,-0.0926,-0.034634415,-0.0189,-0.174682751,-0.1115,Blooming Prairie Public School District,-0.1115
1,194,Lakeville Public School District,11204,78.98%,12.80%,Lakeville Public School District,11512,73.95%,12.03%,Lakeville Area Schools,12025,67.09%,21.06%,69.33,73.25,56.81,63.19,Lakeville Area Schools,59.26,59.78,Lakeville Area Schools,-0.180585605,-0.1252,0.04312621,0.0245,-0.145247368,-10.07,-0.137337884,-0.1006,-0.053964235,-0.0341,-0.183890785,-13.47,Lakeville Public School District,-10.07
1,763,Medford Public School District,891,78.56%,34.23%,Medford Public School District,900,80.44%,28.89%,Medford Public School District,845,78.34%,34.91%,48.76,52.97,41.56,45.45,Medford Public School District,35.18,43.41,Medford Public School District,-0.147662018,-0.072,-0.153512993,-0.0638,-0.278506973,-0.1358,-0.141967151,-0.0752,-0.044884488,-0.0204,-0.180479517,-0.0956,Medford Public School District,-0.0956
1,768,Hancock Public School District,369,87.80%,28.73%,Hancock Public School District,424,87.50%,19.10%,Hancock Public School District,437,85.81%,25.40%,68.04,67.84,66.36,64.5,Hancock Public School District,73.14,74.04,Hancock Public School District,-0.024691358,-0.0168,0.102169982,0.0678,0.074955908,0.051,-0.049233491,-0.0334,0.147906977,0.0954,0.091391509,0.062,Hancock Public School District,0.062
1,771,Chokio-Alberta Public School Dist.,155,98.06%,34.19%,Chokio-Alberta Public Schools,153,95.42%,34.64%,Chokio-Alberta Public Schools,142,95.77%,43.66%,53.16,55,32.86,42.31,Chokio-Alberta Public Schools,34.33,44.44,Chokio-Alberta Public Schools,-0.381866065,-0.203,0.04473524,0.0147,-0.354213695,-0.1883,-0.230727273,-0.1269,0.050342709,0.0213,-0.192,-0.1056,Chokio-Alberta Public School District,-0.1056
1,775,Kerkhoven-Murdock-Sunburg,729,86.28%,37.72%,Kerkhoven-Murdock-Sunburg,781,82.07%,28.81%,Kerkhoven-Murdock-Sunburg,777,76.32%,36.94%,54.99,54.11,43.54,44.55,Kerkhoven-Murdock-Sunburg,44.25,43.87,Kerkhoven-Murdock-Sunburg,-0.208219676,-0.1145,0.016306844,0.0071,-0.195308238,-0.1074,-0.176677139,-0.0956,-0.015263749,-0.0068,-0.189244132,-0.1024,Kerkhoven-Murdock-Sunburg,-0.1024
1,777,Benson Public School District,838,85.08%,41.77%,Benson Public School District,819,81.81%,40.42%,Benson Public School District,760,79.87%,40.26%,51.15,51.59,41.49,41.05,Benson Public School District,37.46,40,Benson Public School District,-0.188856305,-0.0966,-0.097131839,-0.0403,-0.267644184,-0.1369,-0.20430316,-0.1054,-0.025578563,-0.0105,-0.224655941,-0.1159,Benson Public School District,-0.1159
1,786,Bertha-Hewitt Public School District,494,92.91%,51.42%,Bertha-Hewitt Public School District,522,91.95%,40.80%,Bertha-Hewitt Public School District,506,94.47%,48.62%,53.94,59.46,48.47,55.47,Bertha-Hewitt Public School District,41.91,42.42,Bertha-Hewitt Public School District,-0.101408973,-0.0547,-0.135341448,-0.0656,-0.223025584,-0.1203,-0.067103935,-0.0399,-0.235262304,-0.1305,-0.286579213,-0.1704,Bertha-Hewitt Public School District,-0.1203
1,787,Browerville Public School District,566,92.23%,50.35%,Browerville Public School District,540,90.56%,43.52%,Browerville Public School District,566,85.16%,47.88%,37.87,41.61,48.11,39.72,Browerville Public School District,44.44,37.54,Browerville Public School District,0.270398733,0.1024,-0.076283517,-0.0367,0.173488249,0.0657,-0.045421774,-0.0189,-0.054884189,-0.0218,-0.097813026,-0.0407,Browerville Public School District,0.0657
1,801,Browns Valley Public School Dist.,173,41.62%,70.52%,Browns Valley Public School District,173,41.04%,61.85%,Browns Valley Public School District,205,33.66%,67.80%,42.86,39.56,41.11,35.56,Browns Valley Public School District,42.86,43.75,Browns Valley Public School District,-0.040830611,-0.0175,0.042568718,0.0175,0,0,-0.101112235,-0.04,0.230314961,0.0819,0.105915066,0.0419,Browns Valley Public School District,0.0419
1,803,Wheaton Area Public School District,392,82.65%,33.42%,Wheaton Area Public School District,379,81.27%,28.23%,Wheaton Area Public School District,352,79.55%,42.33%,60.44,64.1,38.15,50.29,Wheaton Area Public School District,43.64,45.93,Wheaton Area Public School District,-0.3687955,-0.2229,0.143905636,0.0549,-0.277961615,-0.168,-0.215444618,-0.1381,-0.086697156,-0.0436,-0.283463339,-0.1817,Wheaton Area Public School District,-0.168
1,811,Wabasha-Kellogg Public School Dist.,515,89.90%,33.01%,Wabasha-Kellogg Public School District,899,81.20%,28.03%,Wabasha-Kellogg Public School District,757,82.69%,36.86%,62.5,65.14,34.2,48.97,Wabasha-Kellogg Public School District,31.17,47.55,Wabasha-Kellogg Public School District,-0.4528,-0.283,-0.088596491,-0.0303,-0.50128,-0.3133,-0.248234572,-0.1617,-0.028997345,-0.0142,-0.270033773,-0.1759,Wabasha-Kellogg Public School District,-0.1759
1,255,Pine Island Public School Dist.,1358,92.49%,15.61%,Pine Island Public School District,1493,90.76%,8.24%,Pine Island Public School District,1562,90.14%,17.67%,66.85,68.99,56.07,56.93,Pine Island Public School District,52.23,56.47,Pine Island Public School District,-0.161256545,-0.1078,-0.068485821,-0.0384,-0.218698579,-14.62,-0.174807943,-0.1206,-0.008080098,-0.0046,-0.181475576,-12.52,Pine Island Public School District,-12.52
1,818,Verndale Public School District,573,92.50%,53.40%,Verndale Public School District,525,91.24%,44.57%,Verndale Public School District,484,91.94%,44.01%,42.81,53.04,26.03,39.09,Verndale Public School District,31.93,40.31,Verndale Public School District,-0.391964494,-0.1678,0.226661544,0.059,-0.254146228,-0.1088,-0.26300905,-0.1395,0.031210028,0.0122,-0.240007541,-0.1273,Verndale Public School District,-0.1088
1,820,Sebeka Public School District,496,93.95%,44.56%,Sebeka Public School District,450,94.89%,42.44%,Sebeka Public School District,451,92.68%,55.21%,56.83,61.21,39.13,53.72,Sebeka Public School District,46.15,47.25,Sebeka Public School District,-0.311455217,-0.177,0.179401993,0.0702,-0.187928911,-0.1068,-0.122365627,-0.0749,-0.120439315,-0.0647,-0.228067309,-0.1396,Sebeka Public School District,-0.1068
1,622,North St Paul-Maplewood Oakdale Public School District,10808,36.20%,56.31%,North St. Paul-Maplewood Oakdale Public School District,10450,30.56%,54.19%,North St. Paul-Maplewood Oakdale Public School District,10754,24.25%,64.03%,51.82,50.94,29.85,36.54,North St. Paul-Maplewood Oakdale Public School District,32.45,35.74,North St. Paul-Maplewood Oakdale Public School District,-0.42396758,-0.2197,0.087102178,0.026,-0.373793902,-19.37,-0.282685512,-0.144,-0.021893815,-0.008,-0.298390263,-15.2,North St. Paul-Maplewood Oakdale Public School District,-15.2
1,717,Jordan Public School District,1908,80.87%,20.13%,Jordan Public School District,1852,75.92%,17.17%,Jordan Public School District,1877,75.65%,26.80%,61.37,66.76,53.33,58.6,Jordan Public School District,49.25,56.09,Jordan Public School District,-0.131008636,-0.0804,-0.076504782,-0.0408,-0.197490631,-12.12,-0.12222888,-0.0816,-0.042832765,-0.0251,-0.159826243,-10.67,Jordan Public School District,-10.67
1,465,Litchfield Public School District,1578,86.88%,35.30%,Litchfield Public School District,1527,84.54%,31.11%,Litchfield Public School District,1566,81.35%,39.78%,58.86,65.23,55.38,49.81,Litchfield Public School District,51.13,51.86,Litchfield Public School District,-0.059123344,-0.0348,-0.076742506,-0.0425,-0.131328576,-7.73,-0.236394297,-0.1542,0.041156394,0.0205,-0.20496704,-13.37,Litchfield Public School District,-7.73
1,911,Cambridge-Isanti Public School Dist,5040,89.05%,30.02%,Cambridge-Isanti Public School District,5068,86.01%,21.27%,Cambridge-Isanti Public School District,5007,83.18%,35.01%,59.23,62.21,45.9,50.06,Cambridge-Isanti Public School District,45.99,46.86,Cambridge-Isanti Public School District,-0.225054871,-0.1333,0.001960784,0.0009,-0.223535371,-13.24,-0.195306221,-0.1215,-0.063923292,-0.032,-0.246744896,-15.35,Cambridge-Isanti Public School District,-13.24
1,833,South Washington County School Dist,18966,66.80%,18.10%,South Washington County Schools,18994,62.87%,15.38%,South Washington County Schools,19578,57.23%,23.44%,64.92,67.99,51.35,56.71,South Washington County Schools,51.84,54.46,South Washington County Schools,-0.209026494,-0.1357,0.009542356,0.0049,-0.201478743,-13.08,-0.165906751,-0.1128,-0.039675542,-0.0225,-0.198999853,-13.53,South Washington County School District,-13.08
1,912,Milaca Public School District,1812,92.72%,42.22%,Milaca Public School District,1673,93.13%,37.78%,Milaca Public School District,1639,89.99%,45.27%,58.54,58.3,47.36,48.07,Milaca Public School District,42.71,46.38,Milaca Public School District,-0.190980526,-0.1118,-0.098184122,-0.0465,-0.270413393,-15.83,-0.175471698,-0.1023,-0.035157063,-0.0169,-0.204459691,-11.92,Milaca Public School District,-11.92
1,836,Butterfield Public School District,208,37.50%,65.38%,Butterfield Public School District,226,23.89%,65.93%,Butterfield-Odin Public School District,213,26.76%,69.95%,21.55,32.69,24.77,29.09,Butterfield Public School District,32.41,31.07,Butterfield-Odin Public School District,0.149419954,0.0322,0.308437626,0.0764,0.503944316,0.1086,-0.110125421,-0.036,0.068064627,0.0198,-0.049556439,-0.0162,Butterfield Public School District,0.1086
1,837,Madelia Public School District,614,51.95%,52.28%,Madelia Public School District,629,50.87%,36.41%,Madelia Public School District,646,47.37%,49.69%,50.73,53.36,40.89,46.73,Madelia Public School District,31.01,37.18,Madelia Public School District,-0.193968066,-0.0984,-0.241623869,-0.0988,-0.388724621,-0.1972,-0.124250375,-0.0663,-0.204365504,-0.0955,-0.303223388,-0.1618,Madelia Public School District,-0.1618
1,750,Rocori Public School District,2135,86.32%,25.81%,Rocori Public School District,2374,84.37%,20.47%,Rocori Public School District,2406,80.55%,28.80%,61.63,65.09,52.8,52.76,Rocori Public School District,48.12,47.13,ROCORI Public School District,-0.143274379,-0.0883,-0.088636364,-0.0468,-0.219211423,-13.51,-0.18943002,-0.1233,-0.106709629,-0.0563,-0.275925641,-17.96,Rocori Public School District,-13.51
1,846,Breckenridge Public School District,643,83.67%,39.04%,Breckenridge Public School District,638,82.92%,35.11%,Breckenridge Public School District,576,75.87%,45.31%,51.04,54.46,43.07,43.53,Breckenridge Public School District,37.5,44.6,Breckenridge Public School District,-0.156152038,-0.0797,-0.129324356,-0.0557,-0.265282132,-0.1354,-0.20069776,-0.1093,0.024580749,0.0107,-0.181050312,-0.0986,Breckenridge Public School District,-0.0986
1,850,Rothsay Public School District,304,92.76%,40.13%,Rothsay Public School District,309,92.88%,29.13%,Rothsay Public School District,334,93.41%,28.44%,61.25,57.14,57.5,56.17,Rothsay Public School District,53.59,46.71,Rothsay Public School District,-0.06122449,-0.0375,-0.068,-0.0391,-0.125061224,-0.0766,-0.016975849,-0.0097,-0.168417305,-0.0946,-0.182534127,-0.1043,Rothsay Public School District,-0.0766
1,852,Campbell-Tintah Public School Dist.,144,86.81%,51.39%,Campbell-Tintah Public School District,142,85.92%,38.73%,Campbell-Tintah Public School District,115,84.35%,21.74%,32.81,51.47,38.6,35.82,Campbell-Tintah Public School District,31.03,30,Campbell-Tintah Public School District,0.176470588,0.0579,-0.19611399,-0.0757,-0.054251753,-0.0178,-0.304060618,-0.1565,-0.162479062,-0.0582,-0.417136196,-0.2147,Campbell-Tintah Public School District,-0.0178
1,857,Lewiston-Altura Public School Dist.,745,88.19%,32.48%,Lewiston-Altura Public School District,692,85.12%,23.27%,Lewiston-Altura Public School District,591,81.56%,35.36%,49.21,62.67,44.86,53.43,Lewiston-Altura Public School District,57.63,55.31,Lewiston-Altura Public School District,-0.088396667,-0.0435,0.284663397,0.1277,0.171103434,0.0842,-0.147438966,-0.0924,0.035186225,0.0188,-0.117440562,-0.0736,Lewiston-Altura Public School District,0.0842
1,858,St. Charles Public School District,996,80.82%,29.32%,St. Charles Public School District,1027,81.69%,20.74%,St. Charles Public School District,936,80.88%,28.21%,65.08,65.41,51.06,52.51,St. Charles Public School District,46.73,52.15,St. Charles Public School District,-0.215427167,-0.1402,-0.084802193,-0.0433,-0.281960664,-0.1835,-0.197217551,-0.129,-0.006855837,-0.0036,-0.202721296,-0.1326,St. Charles Public School District,-0.1326
1,16,Spring Lake Park Public Schools,6096,56.35%,34.51%,Spring Lake Park Public Schools,6187,51.30%,36.22%,Spring Lake Park Public Schools,6113,45.28%,45.44%,46.83,56.59,37.68,45.05,Spring Lake Park Public Schools,36.18,40.67,Spring Lake Park Public Schools,-0.195387572,-0.0915,-0.039808917,-0.015,-0.227418322,-10.65,-0.203922955,-0.1154,-0.097225305,-0.0438,-0.281321788,-15.92,Spring Lake Park Public Schools,-10.65
1,682,Roseau Public School District,1183,93.74%,27.39%,Roseau Public School District,1162,90.96%,16.78%,Roseau Public School District,1101,87.92%,28.16%,60.74,64.61,43.5,52.08,Roseau Public School District,38.26,46.87,Roseau Public School District,-0.28383273,-0.1724,-0.12045977,-0.0524,-0.370102074,-22.48,-0.193932828,-0.1253,-0.100038402,-0.0521,-0.2745705,-17.74,Roseau Public School District,-17.74
1,200,Hastings Public School District,4391,86.31%,21.68%,Hastings Public School District,4160,82.69%,15.41%,Hastings Public School District,4041,80.60%,28.51%,68,65.54,48.61,52.08,Hastings Public School District,43.18,49.17,Hastings Public School District,-0.285147059,-0.1939,-0.11170541,-0.0543,-0.365,-24.82,-0.205370766,-0.1346,-0.055875576,-0.0291,-0.249771132,-16.37,Hastings Public School District,-16.37
1,181,Brainerd Public School District,6812,91.62%,40.59%,Brainerd Public School District,6306,89.99%,31.64%,Brainerd Public School District,6079,87.88%,40.19%,62.21,67.87,50.17,55.77,Brainerd Public School District,45.64,51.48,Brainerd Public School District,-0.193538016,-0.1204,-0.090293004,-0.0453,-0.266355891,-16.57,-0.17828201,-0.121,-0.076923077,-0.0429,-0.241491086,-16.39,Brainerd Public School District,-16.39
1,881,Maple Lake Public School District,850,95.53%,19.88%,Maple Lake Public School District,787,96.32%,17.03%,Maple Lake Public School District,744,95.03%,23.66%,58.57,58.29,54.29,52.13,Maple Lake Public School District,52.49,54.67,Maple Lake Public School District,-0.073074953,-0.0428,-0.033155277,-0.018,-0.10380741,-0.0608,-0.105678504,-0.0616,0.048724343,0.0254,-0.062103277,-0.0362,Maple Lake Public School District,-0.0362
1,840,St. James Public School District,1042,47.79%,54.89%,St. James Public School District,1076,43.68%,48.70%,St. James Public School District,1143,37.01%,56.61%,56.4,57.25,42.33,44.3,St. James Public School District,36.59,39.31,St. James Public School District,-0.249468085,-0.1407,-0.135601228,-0.0574,-0.351241135,-19.81,-0.226200873,-0.1295,-0.112641084,-0.0499,-0.313362445,-17.94,St. James Public School District,-17.94
1,879,Delano Public School District,2501,93.84%,8.92%,Delano Public School District,2429,92.34%,5.35%,Delano Public School District,2457,90.07%,12.33%,78.36,79.18,73.41,74.3,Delano Public School District,67.57,71.12,Delano Public School District,-0.063169985,-0.0495,-0.079553194,-0.0584,-0.137697805,-10.79,-0.061631725,-0.0488,-0.042799462,-0.0318,-0.101793382,-8.06,Delano Public School District,-8.06
1,885,St. Michael-Albertville School Dist,6463,86.82%,11.96%,St. Michael-Albertville School District,6653,85.25%,9.00%,St. Michael-Albertville School District,6795,79.25%,18.63%,75.35,76.18,63.12,63.7,St. Michael-Albertville School District,59.96,60.75,St. Michael-Albertville School District,-0.162309224,-0.1223,-0.050063371,-0.0316,-0.204246848,-15.39,-0.163822526,-0.1248,-0.046310832,-0.0295,-0.2025466,-15.43,St. Michael-Albertville School District,-15.39
1,891,Canby Public School District,579,93.61%,29.71%,Canby Public School District,590,92.03%,34.41%,Canby Public School District,604,91.39%,40.23%,62.54,67.93,48.36,57.89,Canby Public School District,40.07,50.68,Canby Public School District,-0.22673489,-0.1418,-0.171422663,-0.0829,-0.359290054,-0.2247,-0.147799205,-0.1004,-0.124546554,-0.0721,-0.253937877,-0.1725,Canby Public School District,-0.1725
1,821,Menahga Public School District,1039,95.38%,46.97%,Menahga Public School District,989,94.24%,43.48%,Menahga Public School District,987,94.43%,51.27%,51.6,57.46,46.08,48.75,Menahga Public School District,40.07,46.08,Menahga Public School District,-0.106976744,-0.0552,-0.130425347,-0.0601,-0.223449612,-11.53,-0.15158371,-0.0871,-0.054769231,-0.0267,-0.198050818,-11.38,Menahga Public School District,-11.38
1,656,Faribault Public School District,3652,45.21%,62.98%,Faribault Public School District,3328,40.78%,61.00%,Faribault Public School District,3106,35.03%,68.54%,34.67,41.57,19.82,32.71,Faribault Public School District,13.72,29.75,Faribault Public School District,-0.4283242,-0.1485,-0.307769929,-0.061,-0.60426882,-20.95,-0.213134472,-0.0886,-0.090492204,-0.0296,-0.284339668,-11.82,Faribault Public School District,-11.82
1,914,Ulen-Hitterdal Public School Dist,303,79.87%,31.02%,Ulen-Hitterdal Public School Dist,279,79.57%,10.04%,Ulen-Hitterdal Public School District,302,77.15%,38.41%,53.37,53.49,44.52,52.44,Ulen-Hitterdal Public School Dist,38.85,49.71,Ulen-Hitterdal Public School District,-0.165823496,-0.0885,-0.127358491,-0.0567,-0.272062957,-0.1452,-0.019629837,-0.0105,-0.052059497,-0.0273,-0.070667414,-0.0378,Ulen-Hitterdal Public School District,-0.0378
52,915,Southern Plains Education Coop.,128,78.13%,62.50%,Southern Plains Education Cooperative,109,81.65%,62.39%,Southern Plains Education Cooperative,94,64.89%,80.85%,14.29,31.82,8.33,21.05,Southern Plains Education Cooperative,18.52,29.63,Southern Plains Education Cooperative,-0.417074878,-0.0596,1.223289316,0.1019,0.296011197,0.0423,-0.338466373,-0.1077,0.40760095,0.0858,-0.068824639,-0.0219,Southern Plains Education Cooperative,0.0423
6,916,Northeast Metro 916,909,49.06%,52.04%,Northeast Metro 916,863,43.45%,35.57%,Northeast Metro 916,856,36.45%,59.46%,16.03,24,10.1,15.31,Northeast Metro 916,13.94,12.92,Northeast Metro 916,-0.369931379,-0.0593,0.38019802,0.0384,-0.130380536,-0.0209,-0.362083333,-0.0869,-0.15610712,-0.0239,-0.461666667,-0.1108,Northeast Metro 916,-0.0209
6,917,Intermediate School District 917,780,56.03%,35.51%,Intermediate School District 917,753,56.57%,27.22%,Intermediate School District 917,555,45.59%,55.68%,12.04,18.49,9.38,24.8,Intermediate School District 917,5.56,11.63,Intermediate School District 917,-0.220930233,-0.0266,-0.407249467,-0.0382,-0.53820598,-0.0648,0.341265549,0.0631,-0.531048387,-0.1317,-0.371011357,-0.0686,Intermediate School District 917,-0.0648
52,938,Meeker And Wright Special Education,199,79.40%,56.28%,Meeker And Wright Special Education,182,74.18%,46.15%,Meeker And Wright Special Education,190,83.16%,50.00%,21.74,18.18,4.17,9.52,Meeker and Wright Special Education,11.76,9.52,Meeker and Wright Special Education,-0.808187672,-0.1757,1.820143885,0.0759,-0.459061638,-0.0998,-0.476347635,-0.0866,0,0,-0.476347635,-0.0866,Meeker and Wright Special Education,-0.0866
83,991,Region 6 and 8-SW/WC Service Cooperative,218,75.69%,62.39%,Region 6 and 8-SW/WC Service Cooperative,261,71.26%,45.21%,Region 6 and 8-SW/WC Service Cooperative,292,67.47%,67.12%,16.36,18.11,10.53,17.69,Region 6 and 8-SW/WC Service Cooperative,10.14,15.08,Region 6 and 8-SW/WC Service Cooperative,-0.356356968,-0.0583,-0.037037037,-0.0039,-0.380195599,-0.0622,-0.023191607,-0.0042,-0.147540984,-0.0261,-0.167310878,-0.0303,Region 6 and 8-SW/WC Service Cooperative,-0.0303
1,2071,Lake Crystal-Wellcome Memorial,915,92.57%,25.90%,Lake Crystal-Wellcome Memorial,959,92.28%,17.73%,Lake Crystal-Wellcome Memorial,957,91.01%,24.87%,53.92,62.63,58.51,60.49,Lake Crystal-Wellcome Memorial,59.88,55.42,Lake Crystal-Wellcome Memorial,0.085126113,0.0459,0.023414801,0.0137,0.110534125,0.0596,-0.034168929,-0.0214,-0.083815507,-0.0507,-0.115120549,-0.0721,Lake Crystal-Wellcome Memorial,0.0596
1,2125,Triton School District,1075,77.12%,34.42%,Triton School District,986,77.89%,26.17%,Triton School District,889,76.49%,37.12%,49.64,50.18,42.46,42.12,Triton School District,49.18,42.38,Triton School District,-0.144641418,-0.0718,0.158266604,0.0672,-0.00926672,-0.46,-0.160621762,-0.0806,0.00617284,0.0026,-0.155440415,-7.8,Triton School District,-0.46
1,2134,United South Central School Dist.,737,80.46%,46.54%,United South Central School District,756,78.97%,38.62%,United South Central School District,763,78.77%,44.82%,56.34,61.04,49.32,50.53,United South Central School District,43.77,44.44,United South Central School District,-0.124600639,-0.0702,-0.112530414,-0.0555,-0.223109691,-0.1257,-0.172182176,-0.1051,-0.120522462,-0.0609,-0.271952818,-0.166,United South Central School District,-0.1257
1,2135,Maple River School District,904,91.92%,30.75%,Maple River School District,889,90.10%,24.07%,Maple River School District,946,88.05%,39.64%,67.29,67.02,52.71,57.62,Maple River School District,53.96,54.11,Maple River School District,-0.216674097,-0.1458,0.023714665,0.0125,-0.198097786,-0.1333,-0.14025664,-0.094,-0.060916348,-0.0351,-0.192629066,-0.1291,Maple River School District,-0.1291
1,2137,Kingsland Public School District,554,93.68%,27.26%,Kingsland Public School District,524,91.22%,21.76%,Kingsland Public School District,524,91.03%,34.54%,47.54,62.32,44.77,57.14,Kingsland Public School District,47.19,50.38,Kingsland Public School District,-0.058266723,-0.0277,0.054054054,0.0242,-0.007362221,-0.0035,-0.083119384,-0.0518,-0.118305915,-0.0676,-0.191591784,-0.1194,Kingsland Public School District,-0.0035
1,2142,St. Louis County School District,2061,79.23%,45.22%,St. Louis County School District,2014,77.26%,35.85%,St. Louis County School District,1914,77.85%,42.37%,41.23,55.27,31.77,46.1,St. Louis County School District,29.48,42.79,St. Louis County School District,-0.229444579,-0.0946,-0.072080579,-0.0229,-0.28498666,-11.75,-0.165912792,-0.0917,-0.071800434,-0.0331,-0.225800615,-12.48,St. Louis County School District,-11.75
1,2143,Waterville-Elysian-Morristown Public School District,791,87.36%,35.02%,Waterville-Elysian-Morristown Public School District,754,89.39%,19.10%,Waterville-Elysian-Morristown Public School District,716,89.94%,30.03%,62.02,66.37,46.19,47.72,Waterville-Elysian-Morristown Public School District,46.63,45.79,Waterville-Elysian-Morristown Public School District,-0.255240245,-0.1583,0.009525871,0.0044,-0.248145759,-0.1539,-0.281000452,-0.1865,-0.040444258,-0.0193,-0.310079855,-0.2058,Waterville-Elysian-Morristown Public School District,-0.1539
1,2144,Chisago Lakes School District,3475,93.29%,18.94%,Chisago Lakes School District,3357,91.12%,14.12%,Chisago Lakes School District,3317,90.50%,21.95%,62.83,65.6,51.23,56.27,Chisago Lakes School District,56.64,56.13,Chisago Lakes School District,-0.184625179,-0.116,0.105602186,0.0541,-0.098519815,-6.19,-0.14222561,-0.0933,-0.002488004,-0.0014,-0.144359756,-9.47,Chisago Lakes School District,-6.19
1,2149,Minnewaska School District,1304,92.48%,29.60%,Minnewaska School District,1353,92.83%,25.94%,Minnewaska School District,1324,93.50%,29.61%,62.84,62.07,55.86,55.29,Minnewaska School District,61.57,57.81,Minnewaska School District,-0.111075748,-0.0698,0.102219835,0.0571,-0.020210057,-1.27,-0.109231513,-0.0678,0.045577862,0.0252,-0.068632189,-4.26,Minnewaska School District,-1.27
1,2155,Wadena-Deer Creek School District,1040,89.62%,52.31%,Wadena-Deer Creek School District,1060,86.42%,37.55%,Wadena-Deer Creek School District,1079,86.28%,45.04%,47.93,56.08,33.02,45.66,Wadena-Deer Creek School District,38.59,40.18,Wadena-Deer Creek School District,-0.311078656,-0.1491,0.168685645,0.0557,-0.194867515,-9.34,-0.185805991,-0.1042,-0.120017521,-0.0548,-0.283523538,-15.9,Wadena-Deer Creek School District,-9.34
1,2159,Buffalo Lk-Hector-Stewart Public Sc,504,84.52%,36.71%,Buffalo Lake-Hector-Stewart Public Schools,495,79.80%,31.52%,Buffalo Lake-Hector-Stewart Public Schools,451,76.27%,44.57%,57.51,63.97,46.92,46.82,Buffalo Lake-Hector-Stewart Public Schools,50.7,54.95,Buffalo Lake-Hector-Stewart Public Schools,-0.184141888,-0.1059,0.08056266,0.0378,-0.118414189,-0.0681,-0.268094419,-0.1715,0.173643742,0.0813,-0.141003595,-0.0902,Buffalo Lake-Hector-Stewart Public Schools,-0.0681
1,2164,Dilworth-Glyndon-Felton,1642,86.91%,27.95%,Dilworth-Glyndon-Felton,1589,83.95%,20.08%,Dilworth-Glyndon-Felton,1535,83.71%,31.27%,57.49,62.08,47.25,53.08,Dilworth-Glyndon-Felton,43.17,50.18,Dilworth-Glyndon-Felton,-0.178117934,-0.1024,-0.086349206,-0.0408,-0.249086798,-14.32,-0.144974227,-0.09,-0.054634514,-0.029,-0.191688144,-11.9,Dilworth-Glyndon-Felton,-11.9
1,2165,Hinckley-Finlayson School District,976,73.46%,55.64%,Hinckley-Finlayson School District,1008,67.86%,53.27%,Hinckley-Finlayson School District,869,65.13%,57.65%,32.8,41.45,24.05,35.31,Hinckley-Finlayson School District,29.68,35.75,Hinckley-Finlayson School District,-0.266768293,-0.0875,0.234095634,0.0563,-0.095121951,-0.0312,-0.148130277,-0.0614,0.012461059,0.0044,-0.137515078,-0.057,Hinckley-Finlayson School District,-0.0312
1,2167,Lakeview School District,647,89.49%,33.85%,Lakeview School District,647,87.17%,23.03%,Lakeview School District,720,86.94%,30.56%,57.99,64.86,52.91,59.1,Lakeview School District,53.65,51.31,Lakeview School District,-0.087601311,-0.0508,0.013986014,0.0074,-0.07484049,-0.0434,-0.08880666,-0.0576,-0.131810491,-0.0779,-0.208911502,-0.1355,Lakeview School District,-0.0434
1,2168,NRHEG School District,899,92.10%,32.04%,NRHEG School District,834,91.25%,24.58%,NRHEG School District,762,90.16%,39.24%,55.73,57.92,39.21,45.34,NRHEG School District,39.66,43.13,NRHEG School District,-0.296429212,-0.1652,0.011476664,0.0045,-0.288354567,-0.1607,-0.217196133,-0.1258,-0.048742832,-0.0221,-0.25535221,-0.1479,NRHEG School District,-0.1479
1,2169,Murray County Central School Dist.,747,94.65%,28.25%,Murray County Central School Dist.,706,93.34%,28.90%,Murray County Central Schools,721,88.90%,35.78%,60.3,65.67,64.64,58.51,Murray County Central Schools,57.53,60.61,Murray County Central Schools,0.071973466,0.0434,-0.109993812,-0.0711,-0.045936982,-0.0277,-0.109029998,-0.0716,0.035891301,0.021,-0.077051926,-0.0506,Murray County Central School District,-0.0277
1,2170,Staples-Motley School District,1104,88.22%,51.45%,Staples-Motley School District,948,87.55%,34.28%,Staples-Motley School District,901,90.23%,48.50%,42.66,49.21,40.76,44.84,Staples-Motley School District,39.44,41.53,Staples-Motley School District,-0.044538209,-0.019,-0.032384691,-0.0132,-0.075480544,-3.22,-0.088803089,-0.0437,-0.07381802,-0.0331,-0.15606584,-7.68,Staples-Motley School District,-3.22
1,2171,Kittson Central School District,230,90.00%,32.17%,Kittson Central School District,233,89.70%,28.33%,Kittson Central School District,247,88.26%,27.53%,68.75,70,52.89,49.59,Kittson Central School District,51.54,48.87,Kittson Central School District,-0.230690909,-0.1586,-0.025524674,-0.0135,-0.250327273,-0.1721,-0.291571429,-0.2041,-0.014519056,-0.0072,-0.301857143,-0.2113,Kittson Central School District,-0.1721
1,2172,Kenyon-Wanamingo School District,770,89.87%,31.56%,Kenyon-Wanamingo School District,659,87.71%,18.82%,Kenyon-Wanamingo School District,644,87.42%,28.88%,44.6,53.61,35.14,49.15,Kenyon-Wanamingo School District,38.99,49.55,Kenyon-Wanamingo School District,-0.212107623,-0.0946,0.109561753,0.0385,-0.125784753,-0.0561,-0.083193434,-0.0446,0.008138352,0.004,-0.07573214,-0.0406,Kenyon-Wanamingo School District,-0.0406
1,2174,Pine River-Backus School District,944,94.81%,46.82%,Pine River-Backus School District,915,92.90%,41.86%,Pine River-Backus School District,906,91.39%,62.47%,47.05,55.49,30.62,44.76,Pine River-Backus School District,34.32,47.24,Pine River-Backus School District,-0.349202976,-0.1643,0.120836055,0.037,-0.270563231,-0.1273,-0.193368174,-0.1073,0.055406613,0.0248,-0.148675437,-0.0825,Pine River-Backus School District,-0.0825
1,2176,Warren-Alvarado-Oslo School Dist.,526,81.56%,43.54%,Warren-Alvarado-Oslo School District,581,81.58%,28.40%,Warren-Alvarado-Oslo School District,589,84.21%,40.24%,57.14,53.2,42.46,51.45,Warren-Alvarado-Oslo School District,40.56,49.65,Warren-Alvarado-Oslo School District,-0.256912846,-0.1468,-0.044747998,-0.019,-0.290164508,-0.1658,-0.032894737,-0.0175,-0.034985423,-0.018,-0.066729323,-0.0355,Warren-Alvarado-Oslo School District,-0.0355
1,2180,MACCRAY School District,729,83.26%,41.70%,MACCRAY School District,720,79.44%,29.31%,MACCRAY School District,722,79.50%,45.84%,51.21,52.86,48.23,47.4,MACCRAY School District,41.52,44.61,MACCRAY School District,-0.058191759,-0.0298,-0.139125026,-0.0671,-0.189220855,-0.0969,-0.103291714,-0.0546,-0.058860759,-0.0279,-0.156072645,-0.0825,MACCRAY School District,-0.0825
1,882,Monticello Public School District,4125,85.09%,23.59%,Monticello Public School District,4166,81.20%,19.08%,Monticello Public School District,4013,77.32%,30.53%,66.67,67,59.39,58.33,Monticello Public School District,52.6,52.89,Monticello Public School District,-0.10919454,-0.0728,-0.114329012,-0.0679,-0.211039448,-14.07,-0.129402985,-0.0867,-0.093262472,-0.0544,-0.210597015,-14.11,Monticello Public School District,-14.07
1,2190,Yellow Medicine East,696,69.25%,40.52%,Yellow Medicine East,647,65.69%,33.54%,Yellow Medicine East,605,68.26%,45.12%,37.97,53.75,27.3,40.97,Yellow Medicine East,28.32,42.22,Yellow Medicine East,-0.281011325,-0.1067,0.037362637,0.0102,-0.254148012,-0.0965,-0.237767442,-0.1278,0.030510129,0.0125,-0.214511628,-0.1153,Yellow Medicine East,-0.0965
1,2198,Fillmore Central,621,95.49%,29.95%,Fillmore Central,589,91.85%,20.88%,Fillmore Central,575,92.17%,35.65%,55.18,60.5,35.06,53.16,Fillmore Central,45.99,51.54,Fillmore Central,-0.364624864,-0.2012,0.311751284,0.1093,-0.16654585,-0.0919,-0.121322314,-0.0734,-0.030474041,-0.0162,-0.148099174,-0.0896,Fillmore Central,-0.0896
1,2215,Norman County East School District,258,80.62%,47.29%,Norman County East School District,209,79.43%,49.28%,Norman County East School District,166,76.51%,47.59%,54.73,52.94,46.3,38.94,Norman County East School District,24.14,36.05,Norman County East School District,-0.154028869,-0.0843,-0.478617711,-0.2216,-0.558925635,-0.3059,-0.264450321,-0.14,-0.074216744,-0.0289,-0.319040423,-0.1689,Norman County East School District,-0.1689
1,2310,Sibley East School District,1150,63.65%,40.87%,Sibley East School District,1050,64.10%,26.38%,Sibley East School District,1089,61.34%,41.51%,44.48,51.09,36.8,43.85,Sibley East School District,40.68,48.09,Sibley East School District,-0.172661871,-0.0768,0.105434783,0.0388,-0.085431655,-3.8,-0.141710707,-0.0724,0.096693273,0.0424,-0.058719906,-3,Sibley East School District,-3
1,2311,Clearbrook-Gonvick School District,464,76.08%,52.80%,Clearbrook-Gonvick School District,447,74.50%,43.40%,Clearbrook-Gonvick School District,460,73.48%,52.83%,46.38,55.65,37.17,49.12,Clearbrook-Gonvick School District,29.15,47.93,Clearbrook-Gonvick School District,-0.198576973,-0.0921,-0.215765402,-0.0802,-0.371496335,-0.1723,-0.117340521,-0.0653,-0.024226384,-0.0119,-0.138724169,-0.0772,Clearbrook-Gonvick School District,-0.0772
1,2342,West Central Area,786,92.11%,35.24%,West Central Area,765,91.63%,27.19%,West Central Area,743,90.04%,36.88%,62.56,69.48,53.14,59.71,West Central Area,41.26,50.53,West Central Area,-0.150575448,-0.0942,-0.223560406,-0.1188,-0.340473146,-0.213,-0.140616005,-0.0977,-0.153743092,-0.0918,-0.272740357,-0.1895,West Central Area,-0.1895
1,2358,Tri-County School District,200,96.50%,52.50%,Tri-County School District,197,92.89%,65.99%,Tri-County School District,179,93.30%,49.72%,63.04,65.17,43.27,49,Tri-County School District,48.89,47.62,Tri-County School District,-0.313610406,-0.1977,0.129882135,0.0562,-0.22446066,-0.1415,-0.248120301,-0.1617,-0.028163265,-0.0138,-0.269295688,-0.1755,Tri-County School District,-0.1415
1,2364,Belgrade-Brooten-Elrosa Public School District,655,89.01%,32.98%,Belgrade-Brooten-Elrosa Public School District,629,91.26%,26.55%,Belgrade-Brooten-Elrosa Public School District,610,90.82%,37.05%,55.06,64.24,30.65,48.08,Belgrade-Brooten-Elrosa Public School District,34.82,49.83,Belgrade-Brooten-Elrosa Public School District,-0.443334544,-0.2441,0.136052202,0.0417,-0.367598983,-0.2024,-0.251556663,-0.1616,0.036397671,0.0175,-0.224315068,-0.1441,Belgrade-Brooten-Elrosa Public School District,-0.1441
1,2365,G.F.W.,704,79.40%,45.74%,GFW Public Schools,624,76.60%,32.21%,GFW Public Schools,572,75.35%,46.68%,52.35,61.33,34.3,46.9,GFW Public Schools,32.59,46.64,GFW Public Schools,-0.344794651,-0.1805,-0.049854227,-0.0171,-0.377459408,-0.1976,-0.235284526,-0.1443,-0.00554371,-0.0026,-0.239523887,-0.1469,G.F.W. Public School District,-0.1469
1,2396,A.C.G.C. Public School District,817,89.47%,44.06%,A.C.G.C. Public School District,889,86.61%,46.79%,A.C.G.C. Public School District,893,81.52%,47.48%,47.42,56.43,39.56,39.61,A.C.G.C. Public School District,50.34,41.65,A.C.G.C. Public School District,-0.165752847,-0.0786,0.272497472,0.1078,0.061577394,0.0292,-0.298068403,-0.1682,0.051502146,0.0204,-0.26191742,-0.1478,A.C.G.C. Public School District,0.0292
1,177,Windom Public School District,1064,70.58%,43.80%,Windom Public School District,1153,64.35%,40.24%,Windom Public School District,1187,58.30%,48.86%,53.6,57.84,42.98,46.4,Windom Public School District,35.55,44.87,Windom Public School District,-0.198134328,-0.1062,-0.172871103,-0.0743,-0.336753731,-18.05,-0.197786999,-0.1144,-0.032974138,-0.0153,-0.224239281,-12.97,Windom Public School District,-12.97
1,2448,Martin County West School District,726,90.63%,41.32%,Martin County West School District,674,90.50%,34.57%,Martin County West School District,624,90.22%,34.78%,50.64,57.89,43.43,42.73,Martin County West School District,44.41,39.82,Martin County West School District,-0.142377567,-0.0721,0.022565047,0.0098,-0.123025276,-0.0623,-0.261875972,-0.1516,-0.068102036,-0.0291,-0.312143721,-0.1807,Martin County West School District,-0.0623
1,2534,Bird Island-Olivia-Lake Lillian Public School District,684,83.63%,45.18%,Bird Island-Olivia-Lake Lillian Public School District,616,83.60%,35.23%,Bird Island-Olivia-Lake Lillian Public School District,636,83.18%,43.71%,56.08,59.04,42.57,49.83,Bird Island-Olivia-Lake Lillian Public School District,37.95,40.07,Bird Island-Olivia-Lake Lillian Public School District,-0.240905849,-0.1351,-0.108527132,-0.0462,-0.32328816,-0.1813,-0.155995935,-0.0921,-0.195865944,-0.0976,-0.321307588,-0.1897,Bird Island-Olivia-Lake Lillian Public School District,-0.1813
1,2536,Granada Huntley East Chain,309,94.50%,48.87%,Granada Huntley East Chain,325,94.46%,40.31%,Granada Huntley East Chain,317,90.54%,53.00%,35.19,47.85,26.14,42.54,Granada Huntley East Chain,23.21,32.12,Granada Huntley East Chain,-0.257175334,-0.0905,-0.112088753,-0.0293,-0.340437624,-0.1198,-0.110971787,-0.0531,-0.244945933,-0.1042,-0.328735632,-0.1573,Granada Huntley East Chain,-0.1198
1,2580,East Central School District,770,85.32%,55.32%,East Central School District,779,81.64%,42.11%,East Central School District,732,78.28%,45.36%,46.56,51.79,35.99,40.53,East Central School District,35.91,40.91,East Central School District,-0.2270189,-0.1057,-0.00222284,-0.0008,-0.228737113,-0.1065,-0.21741649,-0.1126,0.009375771,0.0038,-0.210079166,-0.1088,East Central School District,-0.1065
1,2609,Win-E-Mac School District,487,94.25%,44.35%,Win-E-Mac School District,430,92.56%,37.67%,Win-E-Mac School District,458,91.27%,37.99%,69.23,66.53,62.83,59.07,Win-E-Mac School District,54.98,53.11,Win-E-Mac School District,-0.092445472,-0.064,-0.124940315,-0.0785,-0.20583562,-0.1425,-0.112129866,-0.0746,-0.100897241,-0.0596,-0.201713513,-0.1342,Win-E-Mac School District,-0.1342
1,2683,Greenbush-Middle River School Dist.,283,95.41%,26.15%,Greenbush-Middle River School Dist.,229,96.51%,9.17%,Greenbush Middle River School District,222,91.89%,27.03%,58.39,60.54,48.76,54.46,Greenbush Middle River School District,37.17,44.35,Greenbush Middle River School District,-0.164925501,-0.0963,-0.237694832,-0.1159,-0.363418394,-0.2122,-0.100429468,-0.0608,-0.185640837,-0.1011,-0.267426495,-0.1619,Greenbush-Middle River School District,-0.1619
1,2687,Howard Lake-Waverly-Winsted,1252,90.97%,25.48%,Howard Lake-Waverly-Winsted,1264,89.56%,19.62%,Howard Lake-Waverly-Winsted,1312,88.11%,29.73%,53.44,60.79,40.42,49.46,Howard Lake-Waverly-Winsted,33.18,47.77,Howard Lake-Waverly-Winsted,-0.243637725,-0.1302,-0.179119248,-0.0724,-0.379116766,-20.26,-0.186379339,-0.1133,-0.034169025,-0.0169,-0.214179964,-13.02,Howard Lake-Waverly-Winsted,-13.02
1,2689,Pipestone Area School District,1146,75.48%,50.52%,Pipestone Area School District,1096,70.62%,40.42%,Pipestone Area School District,1138,65.38%,45.08%,41.07,55.44,39.89,48.13,Pipestone Area School District,28.09,39.22,Pipestone Area School District,-0.028731434,-0.0118,-0.295813487,-0.118,-0.316045776,-12.98,-0.131854257,-0.0731,-0.185123624,-0.0891,-0.292568543,-16.22,Pipestone Area School District,-12.98
1,2711,Mesabi East School District,1000,91.50%,38.70%,Mesabi East School District,904,90.49%,36.17%,Mesabi East School District,862,87.12%,48.38%,43.54,55.45,29.15,44.07,Mesabi East School District,35.16,44.58,Mesabi East School District,-0.330500689,-0.1439,0.206174957,0.0601,-0.192466697,-0.0838,-0.205229937,-0.1138,0.011572498,0.0051,-0.196032462,-0.1087,Mesabi East School District,-0.0838
1,2752,Fairmont Area School District,1727,80.14%,45.69%,Fairmont Area School District,1788,74.66%,46.25%,Fairmont Area School District,1846,70.37%,53.58%,57.63,58.47,41.19,48.65,Fairmont Area School District,35.37,41.59,Fairmont Area School District,-0.28526809,-0.1644,-0.141296431,-0.0582,-0.386257158,-22.26,-0.167949376,-0.0982,-0.145118191,-0.0706,-0.288695057,-16.88,Fairmont Area School District,-16.88
1,2753,Long Prairie-Grey Eagle School District,932,49.36%,61.27%,Long Prairie-Grey Eagle School District,937,44.40%,56.88%,Long Prairie-Grey Eagle School District,984,38.62%,70.12%,32.06,38.28,19.32,29.28,Long Prairie-Grey Eagle School District,15.72,22.41,Long Prairie-Grey Eagle School District,-0.397379913,-0.1274,-0.186335404,-0.036,-0.50966937,-0.1634,-0.235109718,-0.09,-0.234631148,-0.0687,-0.414576803,-0.1587,Long Prairie-Grey Eagle School District,-0.1587
1,2754,Cedar Mountain School District,485,74.85%,51.96%,Cedar Mountain School District,440,76.59%,31.59%,Cedar Mountain School District,390,78.72%,49.49%,52.86,58.5,33.18,44.39,Cedar Mountain School District,43.43,40.76,Cedar Mountain School District,-0.3723042,-0.1968,0.308921037,0.1025,-0.178395762,-0.0943,-0.241196581,-0.1411,-0.081775175,-0.0363,-0.303247863,-0.1774,Cedar Mountain School District,-0.0943
1,47,Sauk Rapids-Rice Public Schools,4647,86.27%,31.57%,Sauk Rapids-Rice Public Schools,4364,83.89%,28.09%,Sauk Rapids-Rice Public Schools,4331,81.16%,34.22%,53.79,57.19,43.16,53.49,Sauk Rapids-Rice Public Schools,35.62,46.64,Sauk Rapids-Rice Public Schools,-0.197620376,-0.1063,-0.174698795,-0.0754,-0.337795129,-18.17,-0.064696625,-0.037,-0.12806132,-0.0685,-0.18447281,-10.55,Sauk Rapids-Rice Public Schools,-10.55
1,2805,Zumbrota-Mazeppa School District,1204,92.69%,21.51%,Zumbrota-Mazeppa School District,1240,91.61%,13.79%,Zumbrota-Mazeppa School District,1242,90.58%,23.91%,67.03,65.86,59.62,54.82,Zumbrota-Mazeppa School District,66.67,59.34,Zumbrota-Mazeppa School District,-0.110547516,-0.0741,0.11824891,0.0705,-0.00537073,-0.36,-0.167628302,-0.1104,0.08245166,0.0452,-0.098997874,-6.52,Zumbrota-Mazeppa School District,-0.36
1,2835,Janesville-Waldorf-Pemberton,705,93.05%,29.36%,Janesville-Waldorf-Pemberton,704,93.47%,20.31%,Janesville-Waldorf-Pemberton Public School District,629,89.98%,25.60%,45.04,54.57,44.22,48.99,Janesville-Waldorf-Pemberton,58.94,59.02,Janesville-Waldorf-Pemberton Public School District,-0.018206039,-0.0082,0.332881049,0.1472,0.308614565,0.139,-0.102253986,-0.0558,0.20473566,0.1003,0.081546637,0.0445,Janesville-Waldorf-Pemberton,0.139
1,2853,Lac qui Parle Valley School Dist.,804,75.50%,45.52%,Lac qui Parle Valley School District,811,71.27%,47.10%,Lac qui Parle Valley School District,890,65.96%,48.31%,57.52,52.78,42.04,44.12,Lac qui Parle Valley School District,32.05,35.8,Lac qui Parle Valley School District,-0.269123783,-0.1548,-0.237630828,-0.0999,-0.442802503,-0.2547,-0.164077302,-0.0866,-0.188576609,-0.0832,-0.32171277,-0.1698,Lac qui Parle Valley School District,-0.1698
1,2856,Stephen-Argyle Central Schools,300,87.67%,35.33%,Stephen-Argyle Central Schools,298,89.26%,26.17%,Stephen-Argyle Central Schools,282,91.84%,34.75%,55.78,62.42,58.55,62.42,Stephen-Argyle Central Schools,52.41,55.1,Stephen-Argyle Central Schools,0.049659376,0.0277,-0.104867635,-0.0614,-0.06041592,-0.0337,0,0,-0.117270106,-0.0732,-0.117270106,-0.0732,Stephen-Argyle Central Schools,-0.0337
1,2859,Glencoe-Silver Lake School District,1626,77.06%,32.96%,Glencoe-Silver Lake School District,1492,73.53%,26.27%,Glencoe-Silver Lake School District,1390,72.01%,34.82%,54.24,60.19,40.25,49.1,Glencoe-Silver Lake School District,45.97,48.23,Glencoe-Silver Lake School District,-0.257927729,-0.1399,0.142111801,0.0572,-0.152470501,-8.27,-0.184249875,-0.1109,-0.017718941,-0.0087,-0.198704104,-11.96,Glencoe-Silver Lake School District,-8.27
1,129,Montevideo Public School District,1409,73.46%,43.72%,Montevideo Public School District,1333,72.54%,40.36%,Montevideo Public School District,1372,65.16%,54.23%,54.02,58.53,50.59,48.65,Montevideo Public School District,41.99,45.76,Montevideo Public School District,-0.063495002,-0.0343,-0.16999407,-0.086,-0.222695298,-12.03,-0.168802324,-0.0988,-0.059403905,-0.0289,-0.218178712,-12.77,Montevideo Public School District,-12.03
1,2884,Red Rock Central School District,458,92.58%,42.58%,Red Rock Central School District,419,93.32%,29.83%,Red Rock Central School District,404,92.08%,43.56%,62.96,69.19,53.54,48.56,Red Rock Central School District,47.26,58,Red Rock Central School District,-0.149618806,-0.0942,-0.11729548,-0.0628,-0.249364676,-0.157,-0.298164475,-0.2063,0.194398682,0.0944,-0.161728573,-0.1119,Red Rock Central School District,-0.1119
1,2886,Glenville-Emmons School District,242,92.98%,37.19%,Glenville-Emmons School District,208,90.87%,26.92%,Glenville-Emmons School District,236,84.32%,44.07%,50.43,45.86,34.86,35.45,Glenville-Emmons School District,36.07,36.15,Glenville-Emmons School District,-0.308744795,-0.1557,0.03471027,0.0121,-0.28475114,-0.1436,-0.226995203,-0.1041,0.019746121,0.007,-0.211731356,-0.0971,Glenville-Emmons School District,-0.0971
1,2888,Clinton-Graceville-Beardsley,322,96.27%,38.51%,Clinton-Graceville-Beardsley,312,97.12%,41.03%,Clinton-Graceville-Beardsley,333,91.29%,42.64%,53.13,76.36,48.95,62.42,Clinton-Graceville-Beardsley,42.86,56.65,Clinton-Graceville-Beardsley,-0.078674948,-0.0418,-0.124412666,-0.0609,-0.193299454,-0.1027,-0.182556312,-0.1394,-0.092438321,-0.0577,-0.258119434,-0.1971,Clinton-Graceville-Beardsley,-0.1027
1,2889,Lake Park Audubon School District,716,88.27%,32.26%,Lake Park Audubon School District,736,86.01%,27.17%,Lake Park Audubon School District,663,83.11%,36.05%,55.96,61.38,40.38,46.9,Lake Park Audubon School District,36.83,46.69,Lake Park Audubon School District,-0.278413152,-0.1558,-0.087914809,-0.0355,-0.341851322,-0.1913,-0.235907462,-0.1448,-0.004477612,-0.0021,-0.239328772,-0.1469,Lake Park Audubon School District,-0.1469
1,2890,Renville County West School Dist.,588,63.61%,45.24%,Renville County West School District,585,64.79%,34.70%,Renville County West School District,548,60.95%,44.89%,39.64,54.9,30.77,42.12,Renville County West School District,33.85,40.23,Renville County West School District,-0.223763875,-0.0887,0.100097498,0.0308,-0.146064581,-0.0579,-0.232786885,-0.1278,-0.044871795,-0.0189,-0.267213115,-0.1467,Renville County West School District,-0.0579
1,2895,Jackson County Central School Dist.,1180,86.69%,38.14%,Jackson County Central School District,1122,85.38%,23.80%,Jackson County Central School District,1093,84.08%,38.06%,55.2,55.45,43.02,45.35,Jackson County Central School District,48.08,46.69,Jackson County Central School District,-0.220652174,-0.1218,0.117619712,0.0506,-0.128985507,-7.12,-0.182146078,-0.101,0.02954796,0.0134,-0.157980162,-8.76,Jackson County Central School District,-7.12
1,2897,Redwood Area School District,1137,64.03%,46.44%,Redwood Area School District,1119,62.56%,33.15%,Redwood Area School District,1113,63.88%,43.04%,52.67,57.95,46.09,48.96,Redwood Area School District,43.07,45.05,Redwood Area School District,-0.124928802,-0.0658,-0.065523975,-0.0302,-0.182266945,-9.6,-0.155133736,-0.0899,-0.079861111,-0.0391,-0.222605695,-12.9,Redwood Area School District,-9.6
1,2898,Westbrook-Walnut Grove Schools,364,72.53%,54.12%,Westbrook-Walnut Grove Schools,454,67.40%,51.10%,Westbrook-Walnut Grove Schools,497,68.21%,52.72%,55.38,54.05,42.86,42.27,Westbrook-Walnut Grove Schools,48.13,44.53,Westbrook-Walnut Grove Schools,-0.226074395,-0.1252,0.122958469,0.0527,-0.130913687,-0.0725,-0.217946346,-0.1178,0.053465815,0.0226,-0.17613321,-0.0952,Westbrook-Walnut Grove Schools,-0.0725
1,2899,Plainview-Elgin-Millville,1512,87.96%,25.73%,Plainview-Elgin-Millville,1484,86.86%,22.24%,Plainview-Elgin-Millville Community Schools,1405,87.69%,33.24%,67.81,67.4,56.62,57.89,Plainview-Elgin-Millville Community Schools,53.09,53.9,Plainview-Elgin-Millville Community Schools,-0.165019909,-0.1119,-0.062345461,-0.0353,-0.217077127,-14.72,-0.141097923,-0.0951,-0.068923821,-0.0399,-0.200296736,-13.5,Plainview-Elgin-Millville,-13.5
1,2902,RTR Public Schools,589,93.89%,29.88%,RTR Public Schools,599,92.32%,27.38%,RTR Public Schools,646,91.49%,35.91%,50.46,60.79,48.62,54.33,RTR Public Schools,47.23,45.03,RTR Public Schools,-0.036464526,-0.0184,-0.028589058,-0.0139,-0.064011098,-0.0323,-0.106267478,-0.0646,-0.171176146,-0.093,-0.259253167,-0.1576,RTR Public Schools,-0.0323
1,2903,Ortonville Public Schools,523,90.44%,41.49%,Ortonville Public Schools,472,90.89%,27.33%,Ortonville Public Schools,510,87.65%,35.88%,51.09,57.75,52.63,56.27,Ortonville Public Schools,52.8,56.2,Ortonville Public Schools,0.030142885,0.0154,0.003230097,0.0017,0.033470346,0.0171,-0.025627706,-0.0148,-0.001244002,-0.0007,-0.026839827,-0.0155,Ortonville Public Schools,0.0171
1,2904,Tracy Area Public School District,732,77.46%,49.32%,Tracy Area Public School District,672,76.19%,35.42%,Tracy Area Public School District,670,73.28%,52.54%,54.42,65.33,50.61,56.74,Tracy Area Public School District,46.43,48.31,Tracy Area Public School District,-0.070011025,-0.0381,-0.082592373,-0.0418,-0.146821022,-0.0799,-0.1314863,-0.0859,-0.148572436,-0.0843,-0.260523496,-0.1702,Tracy Area Public School District,-0.0799
1,2905,Tri-City United School District,1899,78.20%,37.39%,Tri-City United School District,1929,74.29%,34.21%,Tri-City United School District,1927,73.02%,33.52%,49.53,57.38,42.81,44.79,Tri-City United School District,41.49,47.13,Tri-City United School District,-0.135675348,-0.0672,-0.030833917,-0.0132,-0.162325863,-8.04,-0.21941443,-0.1259,0.052243804,0.0234,-0.17863367,-10.25,Tri-City United School District,-8.04
1,2906,Red Lake County Central Public Schools,400,89.75%,45.75%,Red Lake County Central Public Schools,384,88.80%,35.42%,Red Lake County Central Public Schools,343,90.96%,38.19%,54.84,57.69,44.88,46.19,Red Lake County Central Public Schools,41.33,46.41,Red Lake County Central Public Schools,-0.181619256,-0.0996,-0.079099822,-0.0355,-0.246353027,-0.1351,-0.199341307,-0.115,0.004762936,0.0022,-0.195527821,-0.1128,Red Lake County Central Public Schools,-0.1128
1,2907,Round Lake-Brewster Public Schools,342,26.02%,72.22%,Round Lake-Brewster Public Schools,432,26.85%,62.04%,Round Lake-Brewster Public Schools,495,21.21%,72.53%,36.36,45.81,31.56,39.11,Round Lake-Brewster Public Schools,27.63,39.3,Round Lake-Brewster Public Schools,-0.132013201,-0.048,-0.124524715,-0.0393,-0.24009901,-0.0873,-0.146256276,-0.067,0.004858093,0.0019,-0.14210871,-0.0651,Round Lake-Brewster Public Schools,-0.0651
1,2908,Brandon-Evansville Public Schools,485,95.67%,31.34%,Brandon-Evansville Public Schools,524,94.08%,20.61%,Brandon-Evansville Public Schools,552,93.66%,34.96%,71.21,61.74,61.96,49.1,Brandon-Evansville Public Schools,58.96,54.91,Brandon-Evansville Public Schools,-0.129897486,-0.0925,-0.048418334,-0.03,-0.172026401,-0.1225,-0.204729511,-0.1264,0.118329939,0.0581,-0.110625202,-0.0683,Brandon-Evansville Public Schools,-0.0683
7,4001,Bluffview Montessori,216,84.72%,23.61%,Bluffview Montessori,213,89.20%,17.37%,Bluffview Montessori,209,89.95%,22.01%,54.07,69.63,49.63,68.15,Bluffview Montessori,43.8,64.71,Bluffview Montessori,-0.082115776,-0.0444,-0.117469273,-0.0583,-0.189938968,-0.1027,-0.021255206,-0.0148,-0.050476889,-0.0344,-0.070659199,-0.0492,Bluffview Montessori ,-0.0492
7,4003,"New Heights School, Inc.",101,74.26%,51.49%,"New Heights School, Inc.",113,74.34%,47.79%,"New Heights School, Inc.",109,74.31%,50.46%,23.21,32.2,11.32,22.64,"New Heights School, Inc.",9.52,31.71,"New Heights School, Inc.",-0.51227919,-0.1189,-0.159010601,-0.018,-0.589831969,-0.1369,-0.29689441,-0.0956,0.400618375,0.0907,-0.015217391,-0.0049,"New Heights School, Inc.",-0.0049
7,4005,Metro Deaf School,97,42.27%,59.79%,Metro Deaf School,113,45.13%,54.87%,Metro Deaf School,156,38.46%,64.10%,18.75,19.15,16.36,21.57,Metro Deaf School,14,10.2,Metro Deaf School,-0.127466667,-0.0239,-0.144254279,-0.0236,-0.253333333,-0.0475,0.126370757,0.0242,-0.527121001,-0.1137,-0.467362924,-0.0895,Metro Deaf School,-0.0475
7,4007,Minnesota New Country School,214,90.19%,22.43%,Minnesota New Country School,213,87.32%,16.43%,Minnesota New Country School,217,93.09%,37.33%,20,49.02,19.13,38.1,Minnesota New Country School,18.92,36.36,Minnesota New Country School,-0.0435,-0.0087,-0.010977522,-0.0021,-0.054,-0.0108,-0.222766218,-0.1092,-0.045669291,-0.0174,-0.258261934,-0.1266,Minnesota New Country School,-0.0108
7,4008,PACT Charter School,654,86.70%,14.98%,PACT Charter School,673,83.95%,12.78%,PACT Charter School,1403,77.69%,29.86%,61.78,66.11,55.24,59.94,PACT Charter School,47.93,54.05,PACT Charter School,-0.105859501,-0.0654,-0.132331644,-0.0731,-0.224182583,-0.1385,-0.0933293,-0.0617,-0.098264932,-0.0589,-0.182423234,-0.1206,PACT Charter School,-0.1206
7,4011,Athlos Leadership Academy,899,16.80%,68.97%,Athlos Leadership Academy,891,7.97%,64.76%,Athlos Leadership Academy,807,4.34%,76.33%,39.33,51.41,20.77,35.13,Athlos Leadership Academy,27.76,37.93,Athlos Leadership Academy,-0.471904399,-0.1856,0.336543091,0.0699,-0.294177473,-0.1157,-0.316669909,-0.1628,0.079703957,0.028,-0.262205797,-0.1348,Athlos Leadership Academy,-0.1157
7,4015,Community of Peace Academy,800,7.38%,85.88%,Community of Peace Academy,833,6.00%,79.95%,Community of Peace Academy,855,5.96%,79.53%,40,40.89,13.21,21.27,Community of Peace Academy,15.16,26,Community of Peace Academy,-0.66975,-0.2679,0.147615443,0.0195,-0.621,-0.2484,-0.479823918,-0.1962,0.222378937,0.0473,-0.364147713,-0.1489,Community of Peace Academy,-0.1489
7,4016,World Learner Charter School,212,89.62%,8.49%,World Learner Charter School,193,82.90%,13.47%,World Learner Charter School,210,82.38%,22.86%,52.74,74.83,39.13,60.14,World Learner Charter School,39.01,54.23,World Learner Charter School,-0.2580584,-0.1361,-0.003066701,-0.0012,-0.260333713,-0.1373,-0.19631164,-0.1469,-0.098270702,-0.0591,-0.275290659,-0.206,World Learner Charter School,-0.1373
7,4017,Minnesota Transitions Charter School,3423,61.99%,55.59%,Minnesota Transitions Charter School,4893,61.31%,52.32%,Minnesota Transitions Charter School,5682,59.82%,67.67%,25.66,47.82,16.71,41.18,Minnesota Transitions Charter School,12.68,33.75,Minnesota Transitions Charter School,-0.348791894,-0.0895,-0.24117295,-0.0403,-0.505845674,-0.1298,-0.138854036,-0.0664,-0.180427392,-0.0743,-0.294228356,-0.1407,Minnesota Transitions Charter School,-0.1298
7,4018,Achieve Language Academy,452,9.29%,82.08%,Achieve Language Academy,441,7.26%,72.34%,Achieve Language Academy,451,4.66%,81.15%,44.29,47.86,13.97,26.2,Achieve Language Academy,13.08,25.67,Achieve Language Academy,-0.684578912,-0.3032,-0.063707946,-0.0089,-0.704673741,-0.3121,-0.452569996,-0.2166,-0.020229008,-0.0053,-0.463643962,-0.2219,Achieve Language Academy,-0.2219
1,241,Albert Lea Public School District,3595,63.81%,51.93%,Albert Lea Public School District,3506,59.30%,50.11%,Albert Lea Public School District,3335,54.93%,57.96%,43.93,47.61,36.57,40.36,Albert Lea Public School District,27.75,37.4,Albert Lea Public School District,-0.167539267,-0.0736,-0.241181296,-0.0882,-0.368313226,-16.18,-0.152278933,-0.0725,-0.073339941,-0.0296,-0.214450746,-10.21,Albert Lea Public School District,-10.21
7,4025,Cyber Village Academy,228,68.42%,30.70%,Cyber Village Academy,250,60.80%,32.40%,Cyber Village Academy,192,59.90%,45.31%,43.01,58.7,21.05,44.72,Cyber Village Academy,17.46,43.75,Cyber Village Academy,-0.510578935,-0.2196,-0.170546318,-0.0359,-0.594047896,-0.2555,-0.238160136,-0.1398,-0.021690519,-0.0097,-0.254684838,-0.1495,Cyber Village Academy,-0.1495
7,4026,E.C.H.O. Charter School,68,63.24%,58.82%,E.C.H.O. Charter School,69,71.01%,43.48%,E.C.H.O. Charter School,65,47.69%,73.85%,21.74,51.16,7.41,26.92,E.C.H.O. Charter School,7.14,26.09,E.C.H.O. Charter School,-0.659153634,-0.1433,-0.036437247,-0.0027,-0.671573137,-0.146,-0.473807662,-0.2424,-0.030832095,-0.0083,-0.490031274,-0.2507,E.C.H.O. Charter School,-0.146
7,4027,Higher Ground Academy,780,0.00%,>=90%,Higher Ground Academy,1024,0.00%,>=90%,Higher Ground Academy,1163,5.07%,>=90%,51.99,53.95,28.6,48.01,Higher Ground Academy,38.09,46.35,Higher Ground Academy,-0.44989421,-0.2339,0.331818182,0.0949,-0.267359108,-0.139,-0.110101946,-0.0594,-0.03457613,-0.0166,-0.140871177,-0.076,Higher Ground Academy,-0.076
7,4029,St. Paul City School,478,1.88%,>=90%,St. Paul City School,466,3.22%,87.12%,St. Paul City School,615,2.60%,88.94%,30.36,32.27,6.9,16.92,St. Paul City School,5.08,11.42,St. Paul City School,-0.772727273,-0.2346,-0.263768116,-0.0182,-0.832674572,-0.2528,-0.475674001,-0.1535,-0.325059102,-0.055,-0.646110939,-0.2085,St. Paul City School,-0.2085
7,4035,Life Prep,312,5.13%,81.09%,Life Prep,187,4.81%,81.28%,Life Prep,134,5.97%,89.55%,34.18,27.22,12.5,16.84,LIFE Prep,7.69,22.39,LIFE Prep,-0.634289058,-0.2168,-0.3848,-0.0481,-0.775014628,-0.2649,-0.381337252,-0.1038,0.329572447,0.0555,-0.177443057,-0.0483,Life Prep,-0.0483
7,4038,Sojourner Truth Academy,389,1.29%,>=90%,Sojourner Truth Academy,295,0.34%,79.32%,Sojourner Truth Academy,383,1.83%,>=90%,13.52,13.41,10.26,11.46,Sojourner Truth Academy,5.76,11.49,Sojourner Truth Academy,-0.24112426,-0.0326,-0.438596491,-0.045,-0.573964497,-0.0776,-0.14541387,-0.0195,0.002617801,0.0003,-0.143176734,-0.0192,Sojourner Truth Academy,-0.0192
7,4043,Math And Science Academy,526,52.66%,5.13%,Math And Science Academy,553,41.05%,4.16%,Math And Science Academy,720,31.53%,9.86%,78.5,83.78,66.67,83.19,Math and Science Academy,71.68,80.52,Math and Science Academy,-0.150700637,-0.1183,0.075146243,0.0501,-0.086878981,-0.0682,-0.007042254,-0.0059,-0.032095204,-0.0267,-0.038911435,-0.0326,Math and Science Academy,-0.0326
7,4053,North Lakes Academy,402,87.56%,16.92%,North Lakes Academy,548,87.96%,18.98%,North Lakes Academy,465,81.94%,41.72%,47.37,59.04,36.96,52.98,North Lakes Academy,30.43,36.64,North Lakes Academy,-0.219759341,-0.1041,-0.176677489,-0.0653,-0.357610302,-0.1694,-0.102642276,-0.0606,-0.308418271,-0.1634,-0.379403794,-0.224,North Lakes Academy,-0.1694
7,4054,LA CRESCENT MONTESSORI ACADEMY,82,97.56%,31.71%,La Crescent Montessori & STEM School,87,94.25%,24.14%,La Crescent Montessori & STEM School,101,92.08%,29.70%,27.45,62.75,14,57.14,La Crescent Montessori & STEM School,31.37,48,La Crescent Montessori & STEM School,-0.489981785,-0.1345,1.240714286,0.1737,0.1428051,0.0392,-0.08940239,-0.0561,-0.159957998,-0.0914,-0.235059761,-0.1475,La Crescent Montessori and STEM School,0.0392
7,4055,Nerstrand Charter School,149,89.26%,34.90%,Nerstrand Charter School,121,94.21%,9.92%,Nerstrand Charter School,102,86.27%,23.53%,58.67,50.67,50.94,48.08,Nerstrand Charter School,57.45,55.32,Nerstrand Charter School,-0.131753878,-0.0773,0.127797409,0.0651,-0.020794273,-0.0122,-0.051115058,-0.0259,0.150582363,0.0724,0.091770278,0.0465,Nerstrand Charter School,0.0465
7,4058,Schoolcraft Learning Community Chtr,202,69.80%,43.56%,Schoolcraft Learning Community Charter,195,77.44%,30.26%,Schoolcraft Learning Community Charter,192,70.31%,38.02%,50.42,55.83,43.7,59.26,Schoolcraft Learning Community Charter,33.59,48.46,Schoolcraft Learning Community Charter,-0.133280444,-0.0672,-0.231350114,-0.1011,-0.333796113,-0.1683,0.061436504,0.0343,-0.182247722,-0.108,-0.132007881,-0.0737,Schoolcraft Learning Community Charter,-0.0737
7,4059,Crosslake Community Charter School,246,95.12%,33.33%,Crosslake Community Charter School,388,91.49%,33.51%,Crosslake Community Charter School,494,88.06%,46.56%,37.5,62.7,24.19,50.38,Crosslake Community Charter School,23.26,46.03,Crosslake Community Charter School,-0.354933333,-0.1331,-0.038445639,-0.0093,-0.379733333,-0.1424,-0.196491228,-0.1232,-0.086343787,-0.0435,-0.265869219,-0.1667,Crosslake Community Charter School,-0.1424
7,4064,Riverway Learning Community Chtr,125,79.20%,66.40%,Riverway Learning Community Charter,121,68.60%,63.64%,Riverway Learning Community Charter,124,70.97%,72.58%,12.9,29.51,20,40.98,Riverway Learning Community Charter,21.21,45.59,Riverway Learning Community Charter,0.550387597,0.071,0.0605,0.0121,0.644186047,0.0831,0.388681803,0.1147,0.112493899,0.0461,0.544900034,0.1608,Riverway Learning Community Charter,0.1608
7,4067,Aurora Charter School,411,0.24%,>=90%,Aurora Charter School,435,0.00%,79.77%,Aurora Charter School,419,0.24%,77.80%,24,26.91,9.75,16.25,Aurora Charter School,8.89,16.24,Aurora Charter School,-0.59375,-0.1425,-0.088205128,-0.0086,-0.629583333,-0.1511,-0.396135266,-0.1066,-0.000615385,-0.0001,-0.396506875,-0.1067,Aurora Charter School,-0.1067
7,4068,Excell Academy Charter,426,0.23%,>=90%,Excell Academy Charter,456,0.22%,79.17%,Excell Academy Charter,548,0.18%,87.04%,36.41,48.39,6.11,27.59,Excell Academy Charter,12.45,19.64,Excell Academy Charter,-0.832188959,-0.303,1.037643208,0.0634,-0.658060972,-0.2396,-0.429840876,-0.208,-0.28814788,-0.0795,-0.594131019,-0.2875,Excell Academy Charter,-0.2396
7,4070,HOPE Community Academy,494,1.21%,78.95%,HOPE Community Academy,640,0.47%,79.69%,HOPE Community Academy,799,0.50%,88.74%,34.8,37.9,10.46,19.39,HOPE Community Academy,15.95,17.47,HOPE Community Academy,-0.699425287,-0.2434,0.524856597,0.0549,-0.541666667,-0.1885,-0.488390501,-0.1851,-0.099020113,-0.0192,-0.539050132,-0.2043,Hope Community Academy,-0.1885
7,4073,Academia Cesar Chavez Charter School,541,3.14%,87.80%,Academia Cesar Chavez Charter School,547,0.91%,83.00%,Academias La Paz,568,8.10%,88.03%,19.14,25.21,2.77,17.43,Academia Cesar Chavez Charter School,3.73,9.46,Academias La Paz,-0.855276907,-0.1637,0.346570397,0.0096,-0.805120167,-0.1541,-0.308607695,-0.0778,-0.457257602,-0.0797,-0.624752083,-0.1575,Academia Cesar Chavez Charter School,-0.1541
7,4074,AFSA High School,330,77.88%,33.33%,AFSA High School,423,60.05%,48.94%,AFSA High School,395,53.67%,65.82%,39.35,57.14,19.44,37.24,AFSA High School,20.1,33.33,AFSA High School,-0.505972046,-0.1991,0.033950617,0.0066,-0.489199492,-0.1925,-0.348267413,-0.199,-0.104994629,-0.0391,-0.416695835,-0.2381,AFSA High School,-0.1925
7,4075,Avalon School,239,70.71%,26.78%,Avalon School,247,65.59%,16.60%,Avalon School,275,65.09%,29.09%,37.86,60.2,23.75,66.67,Avalon School,34.62,53.77,Avalon School,-0.372688854,-0.1411,0.457684211,0.1087,-0.085578447,-0.0324,0.107475083,0.0647,-0.193490325,-0.129,-0.106810631,-0.0643,Avalon School,-0.0324
7,4078,Twin Cities International Schools,1021,0.10%,>=90%,Twin Cities International Schools,986,0.10%,>=90%,Twin Cities International Schools,921,0.00%,>=90%,41.12,42.98,18.13,27.95,Twin Cities International Schools,24.88,30.88,Twin Cities International Schools,-0.559095331,-0.2299,0.372311087,0.0675,-0.394941634,-0.1624,-0.349697534,-0.1503,0.104830054,0.0293,-0.281526291,-0.121,Twin Cities International Schools,-0.121
7,4079,Friendship Academy of Fine Arts Charter,168,1.79%,72.62%,Friendship Academy of the Arts,334,2.99%,84.73%,Friendship Academy of the Arts,211,2.37%,82.46%,51.09,52.17,8.04,12.32,Friendship Academy of the Arts,11.63,20.15,Friendship Academy of the Arts,-0.842630652,-0.4305,0.446517413,0.0359,-0.772362498,-0.3946,-0.763848955,-0.3985,0.635551948,0.0783,-0.613762699,-0.3202,Friendship Academy of Fine Arts Charter,-0.3202
7,4082,BlueSky Charter School,481,78.59%,28.90%,BlueSky Charter School,562,76.16%,34.70%,BlueSky Charter School,634,75.87%,47.00%,13.75,43.93,22.9,48.03,BlueSky Charter School,16.42,40.29,BlueSky Charter School,0.665454545,0.0915,-0.282969432,-0.0648,0.194181818,0.0267,0.093330298,0.041,-0.161149282,-0.0774,-0.082859094,-0.0364,BlueSky Charter School,0.0267
7,4083,Ridgeway Community School,99,98.99%,27.27%,Ridgeway Community School,103,97.09%,13.59%,Ridgeway Community School,97,98.97%,23.71%,50,54.35,75,65.91,Ridgeway Community School,64.58,43.75,Ridgeway Community School,0.5,0.25,-0.138933333,-0.1042,0.2916,0.1458,0.212695492,0.1156,-0.336216052,-0.2216,-0.195032199,-0.106,Ridgeway Community School,0.1458
7,4084,North Shore Community School,348,94.54%,29.60%,North Shore Community School,357,93.28%,17.37%,North Shore Community School,355,98.31%,29.86%,67.53,64.43,56.94,62.32,North Shore Community School,57.44,64.25,North Shore Community School,-0.156819191,-0.1059,0.008781173,0.005,-0.149415075,-0.1009,-0.03274872,-0.0211,0.030969191,0.0193,-0.00279373,-0.0018,North Shore Community School,-0.0018
7,4085,Harbor City International Charter,215,83.72%,36.74%,Harbor City International Charter,196,80.10%,24.49%,Harbor City International Charter,194,81.96%,41.24%,47.62,80.77,43.59,71.43,Harbor City International Charter,52.78,69.77,Harbor City International Charter,-0.084628307,-0.0403,0.210828172,0.0919,0.108357833,0.0516,-0.115636994,-0.0934,-0.023239535,-0.0166,-0.136189179,-0.11,Harbor City International Charter,0.0516
7,4088,Urban Academy Charter School,366,1.09%,>=90%,Urban Academy Charter School,483,0.21%,>=90%,Urban Academy,416,0.96%,>=90%,29.33,33.33,13.89,28.7,Urban Academy,34.68,38.73,Urban Academy,-0.526423457,-0.1544,1.496760259,0.2079,0.182407092,0.0535,-0.138913891,-0.0463,0.349477352,0.1003,0.162016202,0.054,Urban Academy Charter School,0.054
7,4089,New City School,306,56.86%,32.35%,New City School,301,57.48%,36.88%,New City School,351,56.13%,52.42%,50,63.4,36.32,56.03,New City School,38.02,47.51,New City School,-0.2736,-0.1368,0.046806167,0.017,-0.2396,-0.1198,-0.116246057,-0.0737,-0.152061396,-0.0852,-0.250630915,-0.1589,New City School,-0.1198
7,4090,Prairie Creek Community School,179,86.03%,13.97%,Prairie Creek Community School,178,81.46%,3.93%,Prairie Creek Community School,180,86.11%,17.78%,70.45,70.45,56.18,73.03,Prairie Creek Community School,57.95,67.82,Prairie Creek Community School,-0.202555004,-0.1427,0.031505874,0.0177,-0.177430802,-0.125,0.036621718,0.0258,-0.071340545,-0.0521,-0.037331441,-0.0263,Prairie Creek Community School,-0.0263
7,4091,Arcadia Charter School,116,88.79%,9.48%,Arcadia Charter School,127,81.89%,20.47%,Arcadia Charter School,116,81.03%,31.03%,60,73.91,38.57,68.66,Arcadia Charter School,33.87,63.01,Arcadia Charter School,-0.357166667,-0.2143,-0.121856365,-0.047,-0.4355,-0.2613,-0.071032337,-0.0525,-0.082289543,-0.0565,-0.147476661,-0.109,Arcadia Charter School,-0.109
7,4093,New Century Academy,138,86.23%,69.57%,New Century Academy,126,84.13%,49.21%,New Century Academy,95,86.32%,57.89%,14.75,40.63,12.31,34.88,New Century Academy,9.09,22.92,New Century Academy,-0.165423729,-0.0244,-0.261575955,-0.0322,-0.383728814,-0.0566,-0.141521044,-0.0575,-0.342889908,-0.1196,-0.435884814,-0.1771,New Century Academy,-0.0566
7,4095,TRIO Wolf Creek Distance Learning,184,95.11%,14.67%,TRIO Wolf Creek Distance Learning,183,88.52%,16.39%,TRIO Wolf Creek Distance Learning,191,79.06%,32.98%,9.26,48,5.71,41.67,TRIO Wolf Creek Distance Learning,8.82,34.78,TRIO Wolf Creek Distance Learning,-0.38336933,-0.0355,0.544658494,0.0311,-0.047516199,-0.0044,-0.131875,-0.0633,-0.165346772,-0.0689,-0.275416667,-0.1322,TRIO Wolf Creek Distance Learning,-0.0044
7,4097,"Partnership Academy, Inc.",314,1.27%,82.17%,"Partnership Academy, Inc.",515,2.91%,73.01%,"Partnership Academy, Inc.",515,1.55%,86.99%,20.11,22.28,8.15,16.77,"Partnership Academy, Inc.",30.06,24.7,"Partnership Academy, Inc.",-0.594728991,-0.1196,2.688343558,0.2191,0.494778717,0.0995,-0.247307002,-0.0551,0.472868217,0.0793,0.108617594,0.0242,"Partnership Academy, Inc.",0.0995
7,4098,Nova Classical Academy,993,69.18%,11.88%,Nova Classical Academy,984,63.31%,8.43%,Nova Classical Academy,1041,54.66%,22.09%,85.15,84.77,76.39,79.01,Nova Classical Academy,73.23,74.65,Nova Classical Academy,-0.102877275,-0.0876,-0.041366671,-0.0316,-0.139988256,-0.1192,-0.067948567,-0.0576,-0.055182888,-0.0436,-0.119381857,-0.1012,Nova Classical Academy,-0.1012
7,4100,Great Expectations,105,93.33%,39.05%,Great Expectations,127,92.13%,24.41%,Great Expectations,113,84.07%,26.55%,43.86,70.18,38.03,59.15,Great Expectations,41.98,65.43,Great Expectations,-0.132922937,-0.0583,0.103865369,0.0395,-0.042863657,-0.0188,-0.157167284,-0.1103,0.106170752,0.0628,-0.067683101,-0.0475,Great Expectations,-0.0188
7,4103,Hmong College Prep Academy,2201,0.05%,80.87%,Hmong College Prep Academy,2327,0.04%,83.46%,Hmong College Prep Academy,2503,0.08%,82.42%,37.03,35.44,11.37,24.46,Hmong College Prep Academy,15.12,22.79,Hmong College Prep Academy,-0.692951661,-0.2566,0.329815303,0.0375,-0.59168242,-0.2191,-0.309819413,-0.1098,-0.068274734,-0.0167,-0.356941309,-0.1265,Hmong College Prep Academy,-0.1265
7,4105,Great River School,652,72.55%,11.81%,Great River School,790,75.57%,10.00%,Great River School,794,75.44%,18.51%,50.9,73.62,32.77,69.57,Great River School,35.85,68.43,Great River School,-0.356188605,-0.1813,0.093988404,0.0308,-0.2956778,-0.1505,-0.055012225,-0.0405,-0.016386373,-0.0114,-0.070497148,-0.0519,Great River School,-0.0519
7,4106,TrekNorth High School,252,48.41%,59.52%,TrekNorth High School,251,43.82%,51.79%,TrekNorth High School,253,38.74%,65.22%,39.73,62.75,14.89,40.26,TrekNorth High School,12.88,39.16,TrekNorth High School,-0.625220237,-0.2484,-0.134989926,-0.0201,-0.675811729,-0.2685,-0.358406375,-0.2249,-0.027322404,-0.011,-0.375936255,-0.2359,TrekNorth High School,-0.2359
7,4107,Voyageurs Expeditionary,104,30.77%,82.69%,Voyageurs Expeditionary,100,26.00%,71.00%,Voyageurs Expeditionary,127,24.41%,82.68%,16.13,44.83,5.45,26.23,Voyageurs Expeditionary,7.55,21.15,Voyageurs Expeditionary,-0.662120273,-0.1068,0.385321101,0.021,-0.531928084,-0.0858,-0.414900736,-0.186,-0.193671369,-0.0508,-0.528217711,-0.2368,Voyageurs Expeditionary,-0.0858
7,4110,PIM Arts High School,307,71.99%,17.59%,PIM Arts High School,379,68.60%,6.60%,PIM Arts High School,349,72.49%,22.06%,29.33,64.79,18.42,69.23,PIM Arts High School,14.75,77.32,PIM Arts High School,-0.371974088,-0.1091,-0.199239957,-0.0367,-0.497101943,-0.1458,0.068529094,0.0444,0.116856854,0.0809,0.193394042,0.1253,PIM Arts High School,0.1253
7,4112,St Paul Conservatory Performing Art,474,69.20%,14.35%,Saint Paul Conservatory for Performing Artists,438,64.16%,7.99%,Saint Paul Conservatory for Performing Artists,336,63.10%,15.77%,49.15,79.44,37.8,71.95,Saint Paul Conservatory for Performing Artists,30.99,80.36,Saint Paul Conservatory for Performing Artists,-0.230925738,-0.1135,-0.18015873,-0.0681,-0.36948118,-0.1816,-0.094284995,-0.0749,0.116886727,0.0841,0.011581067,0.0092,St. Paul Conservatory Performing Arts,0.0092
7,4113,Spero Academy,127,55.91%,40.16%,Spero Academy,143,49.65%,31.47%,Spero Academy,275,44.00%,34.55%,35.29,36.76,29.17,32.86,Spero Academy,13.28,16.28,Spero Academy,-0.173420232,-0.0612,-0.544737744,-0.1589,-0.62368943,-0.2201,-0.10609358,-0.039,-0.50456482,-0.1658,-0.557127312,-0.2048,Spero Academy,-0.2048
7,4116,Lakes International Language Academy,1117,82.18%,11.37%,Lakes International Language Academy,1263,77.20%,7.92%,Lakes International Language Academy,1442,73.72%,19.76%,58.47,65.22,47.55,52.97,Lakes International Language Academy,42.67,49.64,Lakes International Language Academy,-0.186762442,-0.1092,-0.102628812,-0.0488,-0.270224047,-0.158,-0.18782582,-0.1225,-0.062865773,-0.0333,-0.238883778,-0.1558,Lakes International Language Academy,-0.1558
7,4118,Kaleidoscope Charter School,572,89.51%,22.90%,Kaleidoscope Charter School,554,82.49%,17.15%,Kaleidoscope Charter School,493,76.06%,33.27%,53.85,62.24,36.01,50.7,Kaleidoscope Charter School,33.68,39.66,Kaleidoscope Charter School,-0.331290622,-0.1784,-0.064704249,-0.0233,-0.37455896,-0.2017,-0.185411311,-0.1154,-0.217751479,-0.1104,-0.362789203,-0.2258,Kaleidoscope Charter School,-0.2017
7,4120,St. Croix Preparatory Academy,1174,81.60%,5.37%,St. Croix Preparatory Academy,1189,76.62%,5.30%,St. Croix Preparatory Academy,1212,71.20%,10.73%,85.9,89.97,78.64,81.8,St. Croix Preparatory Academy,77.72,79.62,St. Croix Preparatory Academy,-0.08451688,-0.0726,-0.011698881,-0.0092,-0.095227008,-0.0818,-0.090808047,-0.0817,-0.026650367,-0.0218,-0.115038346,-0.1035,St. Croix Preparatory Academy,-0.0818
7,4121,Ubah Medical Academy Charter School,312,0.96%,>=90%,Ubah Medical Academy Charter School,300,0.67%,>=90%,Ubah Academy,321,0.31%,>=90%,37.5,61.97,1.67,28.38,Ubah Medical Academy Charter School,11.29,34.33,Ubah Academy,-0.955466667,-0.3583,5.760479042,0.0962,-0.698933333,-0.2621,-0.542036469,-0.3359,0.209654686,0.0595,-0.446022269,-0.2764,Ubah Medical Academy Charter School,-0.2621
7,4122,Eagle Ridge Academy Charter School,1368,40.50%,19.37%,Eagle Ridge Academy Charter School,1413,32.13%,15.99%,Eagle Ridge Academy Charter School,1532,28.39%,33.62%,82.17,78.1,70.37,68.91,Eagle Ridge Academy Charter School,73.54,68.52,Eagle Ridge Academy Charter School,-0.143604722,-0.118,0.045047606,0.0317,-0.105026165,-0.0863,-0.117669654,-0.0919,-0.005659556,-0.0039,-0.122663252,-0.0958,Eagle Ridge Academy Charter School,-0.0863
7,4124,Beacon Academy,589,55.18%,37.69%,Beacon Academy,475,44.00%,30.32%,Beacon Academy,524,35.50%,48.47%,33.67,47.34,21.65,34.09,Beacon Academy,23.32,46.11,Beacon Academy,-0.356994357,-0.1202,0.077136259,0.0167,-0.307395307,-0.1035,-0.279890156,-0.1325,0.352596069,0.1202,-0.025982256,-0.0123,Beacon Academy,-0.0123
7,4126,Prairie Seeds Academy,716,0.70%,65.36%,Prairie Seeds Academy,765,0.39%,70.85%,Prairie Seeds Academy,860,0.00%,68.37%,21.97,34.24,17.63,22.71,Prairie Seeds Academy,22.71,24.25,Prairie Seeds Academy,-0.197542103,-0.0434,0.288145207,0.0508,0.033682294,0.0074,-0.336740654,-0.1153,0.067811537,0.0154,-0.291764019,-0.0999,Prairie Seeds Academy,0.0074
7,4127,TEAM Academy,128,58.59%,52.34%,TEAM Academy,109,51.38%,60.55%,TEAM Academy,101,52.48%,81.19%,33.33,40,20,32.14,TEAM Academy,36.73,34.69,TEAM Academy,-0.399939994,-0.1333,0.8365,0.1673,0.102010201,0.034,-0.1965,-0.0786,0.079340386,0.0255,-0.13275,-0.0531,TEAM Academy,0.034
7,4131,Metro Schools Charter,385,0.00%,31.69%,Metro Schools Charter,832,0.12%,>=90%,Metro Schools Charter,1535,0.20%,>=90%,9.55,19.9,14.11,23.89,Metro Schools Charter,44.4,48.63,Metro Schools Charter,0.477486911,0.0456,2.146704465,0.3029,3.64921466,0.3485,0.200502513,0.0399,1.03557974,0.2474,1.443718593,0.2873,Metro Schools Charter,0.3485
7,4132,Twin Cities Academy,623,33.55%,54.25%,Twin Cities Academy,487,23.82%,58.11%,Twin Cities Academy,547,14.99%,62.34%,34.2,53.35,14.23,33.61,Twin Cities Academy,12.6,26.23,Twin Cities Academy,-0.583918129,-0.1997,-0.114546732,-0.0163,-0.631578947,-0.216,-0.370009372,-0.1974,-0.219577507,-0.0738,-0.508341143,-0.2712,Twin Cities Academy,-0.216
7,4135,Rochester Math And Science Academy,347,0.29%,26.22%,Rochester Math And Science Academy,445,0.00%,>=90%,Rochester Math And Science Academy,552,0.00%,>=90%,36.21,33.62,29.1,31.2,Rochester Math and Science Academy,36.63,39.06,Rochester Math and Science Academy,-0.196354598,-0.0711,0.258762887,0.0753,0.011599006,0.0042,-0.071980964,-0.0242,0.251923077,0.0786,0.161808447,0.0544,Rochester Math and Science Academy,0.0544
7,4137,Swan River Montessori Charter School,158,94.30%,10.76%,Swan River Montessori Charter School,139,92.09%,13.67%,Swan River Montessori Charter School,161,93.79%,3.73%,55.84,64.94,45,60,Swan River Montessori Charter School,42.67,61.64,Swan River Montessori Charter School,-0.194126074,-0.1084,-0.051777778,-0.0233,-0.235852436,-0.1317,-0.076070219,-0.0494,0.027333333,0.0164,-0.050816138,-0.033,Swan River Montessori Charter School,-0.033
7,4140,Yinghua Academy,822,53.04%,10.22%,Yinghua Academy,832,47.48%,7.57%,Yinghua Academy,851,38.43%,16.57%,84.69,74.22,77.37,73.08,Yinghua Academy,84.85,72.82,Yinghua Academy,-0.086432873,-0.0732,0.096678299,0.0748,0.001889243,0.0016,-0.015359741,-0.0114,-0.003557745,-0.0026,-0.01886284,-0.014,Yinghua Academy,0.0016
7,4142,Stride Academy Charter School,372,30.65%,51.34%,STRIDE Academy,519,18.50%,69.75%,STRIDE Academy,569,6.50%,83.66%,46.7,48.34,19.27,29.64,STRIDE Academy,16.46,26.23,STRIDE Academy,-0.587366167,-0.2743,-0.145822522,-0.0281,-0.647537473,-0.3024,-0.386843194,-0.187,-0.115047233,-0.0341,-0.457385188,-0.2211,Stride Academy Charter School,-0.2211
7,4143,New Millennium Academy Charter Sch,688,0.58%,75.87%,New Millennium Academy,792,0.25%,68.94%,New Millennium Academy,845,0.47%,81.89%,30.46,25.83,14.29,18.18,New Millennium Academy,21.88,25.81,New Millennium Academy,-0.530860144,-0.1617,0.531140658,0.0759,-0.281680893,-0.0858,-0.296167247,-0.0765,0.419691969,0.0763,-0.000774293,-0.0002,New Millennium Academy Charter School,-0.0002
7,4145,Birch Grove Community School,30,93.33%,60.00%,Birch Grove Community School,36,80.56%,22.22%,Birch Grove Community School,45,80.00%,51.11%,62.5,56.25,66.67,83.33,Birch Grove Community School,44.44,50,Birch Grove Community School,0.06672,0.0417,-0.333433328,-0.2223,-0.28896,-0.1806,0.481422222,0.2708,-0.399975999,-0.3333,-0.111111111,-0.0625,Birch Grove Community School,-0.0625
7,4151,EdVisions Off Campus School,112,82.14%,13.39%,EdVisions Off Campus School,109,76.15%,17.43%,EdVisions Off Campus School,98,78.57%,9.18%,22.5,62.16,40.91,71.43,EdVisions Off Campus School,18.18,58.82,EdVisions Off Campus School,0.818222222,0.1841,-0.555609875,-0.2273,-0.192,-0.0432,0.149131274,0.0927,-0.176536469,-0.1261,-0.053732304,-0.0334,EdVisions Off Campus School,-0.0334
7,4152,Twin Cities German Immersion Charter School,586,86.69%,8.02%,Twin Cities German Immersion Charter School,593,84.65%,7.08%,Twin Cities German Immersion Charter School,563,83.66%,8.70%,67.23,74.08,43.01,67.02,Twin Cities German Immersion Charter School,50.27,70.97,Twin Cities German Immersion Charter School,-0.360255838,-0.2422,0.168797954,0.0726,-0.252268333,-0.1696,-0.095302376,-0.0706,0.058937631,0.0395,-0.041981641,-0.0311,Twin Cities German Immersion Charter School,-0.0311
7,4153,Dugsi Academy,288,0.00%,>=90%,Midway Star Academy,399,0.00%,>=90%,Midway Star Academy,393,0.25%,>=90%,17.48,19.42,14.1,17.8,Midway Star Academy,21.43,33.97,Midway Star Academy,-0.193363844,-0.0338,0.519858156,0.0733,0.22597254,0.0395,-0.083419156,-0.0162,0.908426966,0.1617,0.7492276,0.1455,Dugsi Academy,0.1455
7,4155,Naytahwaush Community School,121,0.00%,79.34%,Naytahwaush Community School,145,0.00%,75.86%,Naytahwaush Community School,134,0.00%,81.34%,26.32,25,12.86,21.43,Naytahwaush Community School,23.94,26.03,Naytahwaush Community School,-0.511398176,-0.1346,0.861586314,0.1108,-0.090425532,-0.0238,-0.1428,-0.0357,0.214652357,0.046,0.0412,0.0103,Naytahwaush Community School,0.0103
7,4159,Seven Hills Preparatory Academy,986,55.98%,20.79%,Seven Hills Preparatory Academy,1116,47.31%,23.21%,Seven Hills Preparatory Academy,1096,35.86%,36.04%,64.42,70.97,53.9,66.57,Seven Hills Preparatory Academy,51.48,62.85,Seven Hills Preparatory Academy,-0.163303322,-0.1052,-0.044897959,-0.0242,-0.200869295,-0.1294,-0.061998027,-0.044,-0.055881027,-0.0372,-0.114414541,-0.0812,Seven Hills Preparatory Academy,-0.0812
7,4160,Spectrum High School,745,89.40%,11.68%,Spectrum High School,840,84.52%,8.21%,Spectrum High School,940,85.96%,14.89%,60.87,69.48,47.12,71.66,Spectrum High School,39.63,62.66,Spectrum High School,-0.225891244,-0.1375,-0.158955857,-0.0749,-0.348940365,-0.2124,0.031375936,0.0218,-0.125593078,-0.09,-0.098157743,-0.0682,Spectrum High School,-0.0682
7,4161,New Discoveries Montessori Academy,228,84.65%,55.26%,New Discoveries Montessori Academy,240,84.17%,49.58%,New Discoveries Montessori Academy,219,83.11%,59.36%,25.2,42.62,24.14,41.38,New Discoveries Montessori Academy,28.44,38.53,New Discoveries Montessori Academy,-0.042063492,-0.0106,0.178127589,0.043,0.128571429,0.0324,-0.029094322,-0.0124,-0.068873852,-0.0285,-0.095964336,-0.0409,New Discoveries Montessori Academy,0.0324
7,4162,Southside Family Charter School,116,39.66%,47.41%,Southside Family Charter School,127,45.67%,43.31%,Southside Family Charter School,119,45.38%,47.90%,51.47,67.16,48.61,62.16,Southside Family Charter School,29.85,50,Southside Family Charter School,-0.055566349,-0.0286,-0.385928821,-0.1876,-0.420050515,-0.2162,-0.074449077,-0.05,-0.195624196,-0.1216,-0.255509232,-0.1716,Southside Family Charter School,-0.1716
7,4164,Laura Jeffrey Academy Charter,94,42.55%,50.00%,Laura Jeffrey Academy Charter,57,54.39%,24.56%,Laura Jeffrey Academy Charter,117,61.54%,15.38%,35.63,59.77,35.48,67.69,Laura Jeffrey Academy Charter,34.51,75,Laura Jeffrey Academy Charter,-0.004209935,-0.0015,-0.027339346,-0.0097,-0.031434185,-0.0112,0.132507947,0.0792,0.107992318,0.0731,0.254810105,0.1523,Laura Jeffrey Academy Charter,0.1523
7,4166,East Range Academy of Tech-Science,170,82.94%,83.53%,East Range Academy of Technology and Science,127,81.10%,73.23%,East Range Academy of Technology and Science,127,77.17%,89.76%,3.23,16.13,3.57,33.33,East Range Academy of Technology and Science,3.85,29.63,East Range Academy of Technology and Science,0.105263158,0.0034,0.078431373,0.0028,0.191950464,0.0062,1.06633602,0.172,-0.111011101,-0.037,0.836949783,0.135,East Range Academy of Technology and Science,0.135
7,4167,International Spanish Language Academy,326,61.04%,6.44%,International Spanish Language Academy,374,55.08%,9.09%,International Spanish Language Academy,447,49.89%,26.17%,70.17,77.35,58.6,70.43,International Spanish Language Academy,54.71,61.05,International Spanish Language Academy,-0.164885279,-0.1157,-0.066382253,-0.0389,-0.220322075,-0.1546,-0.089463478,-0.0692,-0.133181883,-0.0938,-0.210730446,-0.163,International Spanish Language Academy,-0.1546
7,4168,Glacial Hills Elementary,91,90.11%,52.75%,Glacial Hills Elementary,73,91.78%,45.21%,Glacial Hills Elementary,97,86.60%,51.55%,68.52,72.22,32.43,29.73,Glacial Hills Elementary,64.1,51.28,Glacial Hills Elementary,-0.526707531,-0.3609,0.976564909,0.3167,-0.064506713,-0.0442,-0.58834118,-0.4249,0.724857047,0.2155,-0.289947383,-0.2094,Glacial Hills Elementary,-0.0442
7,4169,Stonebridge World School,287,4.18%,84.32%,Stonebridge World School,315,6.67%,85.08%,Stonebridge World School,240,8.33%,85.42%,16.22,24.36,5.85,18.34,Stonebridge World School,10.31,14.58,Stonebridge World School,-0.639334155,-0.1037,0.762393162,0.0446,-0.364364982,-0.0591,-0.247126437,-0.0602,-0.205016358,-0.0376,-0.401477833,-0.0978,Stonebridge World School,-0.0591
7,4170,Hiawatha Academies,1532,0.91%,83.09%,Hiawatha Academies,1592,0.19%,75.44%,Hiawatha Academies,1586,1.01%,87.01%,29.45,30.29,10.53,18.38,Hiawatha Academies,13.18,18.1,Hiawatha Academies,-0.642444822,-0.1892,0.251661918,0.0265,-0.5524618,-0.1627,-0.393199076,-0.1191,-0.01523395,-0.0028,-0.402443051,-0.1219,Hiawatha Academies,-0.1219
7,4171,Noble Academy,1029,0.39%,52.38%,Noble Academy,722,0.42%,66.90%,Noble Academy,533,0.00%,70.17%,59.72,49.13,27.41,34.26,Noble Academy,36.51,34.04,Noble Academy,-0.541024782,-0.3231,0.331995622,0.091,-0.388647019,-0.2321,-0.302666395,-0.1487,-0.006421483,-0.0022,-0.307144311,-0.1509,Noble Academy,-0.1509
7,4178,Lincoln International School,157,0.64%,>=90%,Lincoln International High School,111,0.00%,>=90%,Lincoln International High School,158,1.27%,>=90%,7.55,5,6.9,20,Lincoln International High School,15.69,4.65,Lincoln International High School,-0.086092715,-0.0065,1.273913043,0.0879,1.078145695,0.0814,3,0.15,-0.7675,-0.1535,-0.07,-0.0035,Lincoln International School,0.0814
7,4181,Community School of Excellence,1344,0.00%,83.11%,Community School of Excellence,1410,0.00%,85.82%,Community School of Excellence,1455,0.00%,85.09%,42.05,33.96,24.3,23.34,Community School of Excellence,25.9,26.16,Community School of Excellence,-0.422116528,-0.1775,0.065843621,0.016,-0.384066587,-0.1615,-0.312720848,-0.1062,0.120822622,0.0282,-0.229681979,-0.078,Community School of Excellence,-0.078
7,4183,Lionsgate Academy,262,76.72%,17.18%,Lionsgate Academy,373,66.22%,17.96%,Lionsgate Academy,412,63.35%,30.83%,23.81,36.67,17.24,32.89,Lionsgate Academy,19.01,43.15,Lionsgate Academy,-0.275934481,-0.0657,0.102668213,0.0177,-0.201595968,-0.048,-0.103081538,-0.0378,0.311948921,0.1026,0.176711208,0.0648,Lionsgate Academy,0.0648
7,4184,Aspen Academy,554,74.55%,21.48%,Aspen Academy,686,56.41%,12.10%,Aspen Academy,641,46.65%,36.82%,73.94,69.12,59.2,61.49,Aspen Academy,53.4,57.64,Aspen Academy,-0.199350825,-0.1474,-0.097972973,-0.058,-0.277792805,-0.2054,-0.110387731,-0.0763,-0.062611807,-0.0385,-0.166087963,-0.1148,Aspen Academy,-0.1148
7,4185,DaVinci Academy,825,68.00%,20.24%,DaVinci Academy,918,64.16%,14.60%,DaVinci Academy,952,52.21%,25.95%,68.16,65.31,57.61,66.72,DaVinci Academy,48.8,56.78,DaVinci Academy,-0.154782864,-0.1055,-0.152924839,-0.0881,-0.284037559,-0.1936,0.021589343,0.0141,-0.148980815,-0.0994,-0.13060787,-0.0853,DaVinci Academy,-0.0853
7,4186,Global Academy,431,15.55%,84.22%,Global Academy,444,10.14%,81.08%,Global Academy,447,14.09%,89.04%,54.04,59.93,34.15,49.83,Global Academy,30.5,49.06,Global Academy,-0.368060696,-0.1989,-0.106881406,-0.0365,-0.435603257,-0.2354,-0.168529952,-0.101,-0.015452539,-0.0077,-0.181378275,-0.1087,Global Academy,-0.1087
7,4188,Cologne Academy,641,88.77%,8.89%,Cologne Academy,734,79.29%,8.04%,Cologne Academy,731,69.63%,14.50%,75.31,73.58,68.62,72.01,Cologne Academy,81.84,82.22,Cologne Academy,-0.088832824,-0.0669,0.192655203,0.1322,0.086708272,0.0653,-0.02133732,-0.0157,0.141785863,0.1021,0.117423213,0.0864,Cologne Academy,0.0864
7,4191,KIPP Minnesota Charter School,203,0.00%,>=90%,KIPP Minnesota Charter School,578,0.35%,>=90%,KIPP Minnesota Charter School,231,1.30%,>=90%,18.55,26.24,4.34,13.35,KIPP Minnesota Charter School,3.31,14.86,KIPP Minnesota Charter School,-0.766037736,-0.1421,-0.237327189,-0.0103,-0.821563342,-0.1524,-0.491234756,-0.1289,0.113108614,0.0151,-0.433689024,-0.1138,KIPP Minnesota Charter School,-0.1138
7,4192,Best Academy,756,0.00%,88.23%,Best Academy,679,0.15%,84.98%,Best Academy,790,0.00%,>=90%,25.78,32.29,17.23,31.77,Best Academy,20.21,29.8,Best Academy,-0.331652444,-0.0855,0.17295415,0.0298,-0.21605896,-0.0557,-0.016104057,-0.0052,-0.062008184,-0.0197,-0.077113657,-0.0249,Best Academy,-0.0249
7,4194,Cannon River STEM School,350,82.57%,38.29%,Cannon River STEM School,279,71.33%,38.71%,Cannon River STEM School,224,64.29%,58.48%,39.37,51.58,21.6,32.5,Cannon River STEM School,11.26,34,Cannon River STEM School,-0.451358903,-0.1777,-0.478703704,-0.1034,-0.713995428,-0.2811,-0.369910818,-0.1908,0.046153846,0.015,-0.340829779,-0.1758,Cannon River STEM School,-0.1758
7,4198,Discovery Woods,118,90.68%,60.17%,Discovery Woods,109,80.73%,49.54%,Discovery Woods,101,76.24%,64.36%,25.42,40.68,25.58,46.51,Discovery Woods,25,41.67,Discovery Woods,0.006294256,0.0016,-0.022673964,-0.0058,-0.016522423,-0.0042,0.143313668,0.0583,-0.104063642,-0.0484,0.024336283,0.0099,Discovery Woods,0.0099
7,4199,Parnassus Preparatory Charter Sch,1134,43.03%,27.34%,Parnassus Preparatory Charter School,1341,33.26%,27.52%,Parnassus Preparatory School,1352,24.48%,46.30%,65.54,64.38,56.62,58.13,Parnassus Preparatory Charter School,47.28,46.4,Parnassus Preparatory School,-0.136100092,-0.0892,-0.164959378,-0.0934,-0.278608483,-0.1826,-0.097079838,-0.0625,-0.201789093,-0.1173,-0.279279279,-0.1798,Parnassus Preparatory Charter School,-0.1798
7,4200,STEP Academy Charter School,473,0.63%,>=90%,STEP Academy Charter School,620,0.65%,59.03%,STEP Academy,847,0.35%,>=90%,34.13,46.18,15.53,42.28,STEP Academy,15.12,37.11,STEP Academy,-0.544975095,-0.186,-0.026400515,-0.0041,-0.556987987,-0.1901,-0.084452144,-0.039,-0.122280038,-0.0517,-0.19640537,-0.0907,STEP Academy Charter School,-0.0907
7,4201,Cornerstone Montessori Elementary,140,50.00%,40.00%,Cornerstone Montessori Elementary,138,48.55%,26.09%,Cornerstone Montessori Elementary,132,36.36%,54.55%,17.81,50.68,32.88,65.33,Cornerstone Montessori Elementary,19.44,47.22,Cornerstone Montessori Elementary,0.846153846,0.1507,-0.408759124,-0.1344,0.091521617,0.0163,0.289068666,0.1465,-0.277208021,-0.1811,-0.068271507,-0.0346,Cornerstone Montessori Elementary,0.0163
7,4205,Hennepin Elementary School,374,0.53%,>=90%,Hennepin Elementary School,363,0.00%,>=90%,Hennepin Schools,447,0.22%,>=90%,43.27,40.1,28.76,38.2,Hennepin Schools,25.52,26.3,Hennepin Schools,-0.335336261,-0.1451,-0.112656467,-0.0324,-0.41021493,-0.1775,-0.047381546,-0.019,-0.311518325,-0.119,-0.344139651,-0.138,Hennepin Elementary School,-0.138
7,4208,Nasha Shkola Charter School,99,94.95%,69.70%,Nasha Shkola Charter School,129,99.22%,62.02%,Nasha Shkola Charter School,138,97.83%,78.99%,66.67,48.33,46.88,45.31,Nasha Shkola Charter School,52.17,39.13,Nasha Shkola Charter School,-0.296835158,-0.1979,0.112841297,0.0529,-0.217489126,-0.145,-0.062487068,-0.0302,-0.136393732,-0.0618,-0.190357956,-0.092,Nasha Shkola Charter School,-0.092
7,4213,Prodeo Academy,632,2.53%,61.71%,Prodeo Academy,823,0.49%,83.11%,Prodeo Academy,1116,3.67%,>=90%,33.79,31.96,21.63,25.17,Prodeo Academy,30.83,27.71,Prodeo Academy,-0.359869784,-0.1216,0.425335183,0.092,-0.087599882,-0.0296,-0.212453066,-0.0679,0.100913786,0.0254,-0.132978723,-0.0425,Prodeo Academy,-0.0296
7,4215,Sejong Academy of Minnesota,187,3.74%,>=90%,Sejong Academy of Minnesota,303,3.30%,>=90%,Sejong Academy of Minnesota,332,0.90%,85.24%,55.36,33.93,20.78,36.91,Sejong Academy of Minnesota,24.85,34.71,Sejong Academy of Minnesota,-0.624638728,-0.3458,0.195861405,0.0407,-0.551119942,-0.3051,0.087827881,0.0298,-0.059604443,-0.022,0.022988506,0.0078,Sejong Academy of Minnesota,0.0078
7,4217,Technical Academies of Minnesota,99,70.71%,38.38%,Technical Academies of Minnesota,123,54.47%,60.98%,Technical Academies of Minnesota,116,61.21%,78.45%,5.88,28.26,4.44,23.81,Technical Academies of Minnesota,2.5,15.91,Technical Academies of Minnesota,-0.244897959,-0.0144,-0.436936937,-0.0194,-0.574829932,-0.0338,-0.157466384,-0.0445,-0.331793364,-0.079,-0.437013447,-0.1235,Technical Academies of Minnesota ,-0.0338
7,4218,Venture Academy,323,5.88%,>=90%,Venture Academy,307,2.28%,>=90%,Venture Academy,289,2.42%,>=90%,20.92,20.59,4.48,16.3,Venture Academy,3.45,8.82,Venture Academy,-0.78585086,-0.1644,-0.229910714,-0.0103,-0.835086042,-0.1747,-0.20835357,-0.0429,-0.458895706,-0.0748,-0.571636717,-0.1177,Venture Academy,-0.1177
7,4219,Northeast College Prep,319,15.99%,89.97%,Northeast College Prep,329,11.55%,82.67%,Northeast College Prep,282,4.61%,>=90%,40.2,39.71,20.89,33.33,Northeast College Prep,11.83,21.89,Northeast College Prep,-0.480348259,-0.1931,-0.433700335,-0.0906,-0.705721393,-0.2837,-0.16066482,-0.0638,-0.343234323,-0.1144,-0.448753463,-0.1782,Northeast College Prep,-0.1782
7,4220,Agamim Classical Academy,310,47.42%,24.19%,Agamim Classical Academy,279,45.16%,19.71%,Agamim Classical Academy,266,34.59%,45.49%,61.74,58.9,53.01,55.83,Agamim Classical Academy,49.32,53.1,Agamim Classical Academy,-0.141399417,-0.0873,-0.069609508,-0.0369,-0.201166181,-0.1242,-0.052122241,-0.0307,-0.048898442,-0.0273,-0.098471986,-0.058,Agamim Classical Academy,-0.058
7,4221,Discovery Charter School,239,48.12%,45.61%,Discovery Charter School,216,47.69%,34.26%,Discovery Charter School,166,53.61%,39.76%,40.43,56.03,46.73,45.37,Discovery Charter School,37.11,49.46,Discovery Charter School,0.155824883,0.063,-0.205863471,-0.0962,-0.08211724,-0.0332,-0.19025522,-0.1066,0.090147675,0.0409,-0.117258611,-0.0657,Discovery Charter School,-0.0332
7,4223,Saint Cloud Math and Science Academy Charter School,167,1.80%,89.22%,Saint Cloud Math and Science Academy Charter School,231,1.73%,83.98%,Saint Cloud Math and Science Academy Charter School,357,1.12%,>=90%,19.75,24.69,22.4,29.84,Saint Cloud Math and Science Academy Charter School,25.33,32.31,Saint Cloud Math and Science Academy Charter School,0.134177215,0.0265,0.130803571,0.0293,0.282531646,0.0558,0.208586472,0.0515,0.082774799,0.0247,0.308626974,0.0762,Saint Cloud Math and Science Academy Charter School,0.0762
7,4224,Star of the North Academy Charter School,154,31.82%,31.17%,Star of the North Academy Charter School,150,26.67%,>=90%,Star of the North Academy Charter School,344,22.97%,>=90%,46.24,36.26,27.84,37.11,Star of the North Academy Charter School,25,35.19,Star of the North Academy Charter School,-0.397923875,-0.184,-0.102011494,-0.0284,-0.459342561,-0.2124,0.023441809,0.0085,-0.051738076,-0.0192,-0.029509101,-0.0107,Star of the North Academy Charter School,-0.0107
7,4225,Universal Academy Charter School,403,0.00%,86.10%,Universal Academy Charter School,438,0.23%,>=90%,Universal Academy Charter School,679,0.59%,>=90%,28.64,35.79,25.86,41.88,Universal Academy Charter School,40.24,45.54,Universal Academy Charter School,-0.097067039,-0.0278,0.556071152,0.1438,0.405027933,0.116,0.170159262,0.0609,0.08739255,0.0366,0.272422464,0.0975,Universal Academy Charter School,0.116
7,4227,Art and Science Academy,378,90.74%,38.89%,Art and Science Academy,332,83.43%,27.71%,Art and Science Academy,296,82.77%,35.81%,58.46,63.85,40,52.66,Art and Science Academy,26.63,42.79,Art and Science Academy,-0.315771468,-0.1846,-0.33425,-0.1337,-0.544474855,-0.3183,-0.175254503,-0.1119,-0.187428788,-0.0987,-0.329835552,-0.2106,Art and Science Academy,-0.2106
7,4228,Woodbury Leadership Academy,391,40.41%,8.18%,Woodbury Leadership Academy,641,35.88%,10.61%,Woodbury Leadership Academy,878,38.84%,23.46%,53.81,49.74,49.7,56.97,Woodbury Leadership Academy,62.24,64.62,Woodbury Leadership Academy,-0.076379855,-0.0411,0.252313883,0.1254,0.15666233,0.0843,0.14535585,0.0723,0.134281201,0.0765,0.299155609,0.1488,Woodbury Leadership Academy,0.1488
7,4229,Jane Goodall Environmental Science Academy,114,92.98%,17.54%,Jane Goodall Environmental Sciences Academy,117,91.45%,9.40%,Terra Nova School,84,89.29%,28.57%,22.73,41.67,16.67,52.63,Jane Goodall Environmental Sciences Academy,11.76,33.33,Terra Nova School,-0.266608007,-0.0606,-0.294541092,-0.0491,-0.482622085,-0.1097,0.263018958,0.1096,-0.366711001,-0.193,-0.200143988,-0.0834,Jane Goodall Environmental Science Academy,-0.0834
7,4230,Minnesota Excellence in Learning Academy,192,4.17%,>=90%,Minnesota Excellence in Learning Academy,177,6.78%,63.84%,Minnesota Excellence in Learning Academy,231,4.33%,73.16%,23.75,25,13.11,22.95,Minnesota Excellence in Learning Academy,17.28,29.63,Minnesota Excellence in Learning Academy,-0.448,-0.1064,0.318077803,0.0417,-0.272421053,-0.0647,-0.082,-0.0205,0.291067538,0.0668,0.1852,0.0463,Minnesota Excellence in Learning Academy,0.0463
7,4231,Minnesota Math and Science Academy,410,1.46%,>=90%,Minnesota Math and Science Academy,470,1.06%,>=90%,Minnesota Math and Science Academy,570,0.70%,>=90%,27.45,30.26,9.52,26.56,Minnesota Math and Science Academy,11.6,21.45,Minnesota Math and Science Academy,-0.653187614,-0.1793,0.218487395,0.0208,-0.577413479,-0.1585,-0.122273629,-0.037,-0.192394578,-0.0511,-0.291143424,-0.0881,Minnesota Math and Science Academy,-0.0881
7,4232,Success Academy,81,0.00%,74.07%,Success Academy,308,0.32%,86.69%,Success Academy,366,0.00%,>=90%,30,28,32.9,31.41,Success Academy,17.96,30.49,Success Academy,0.096666667,0.029,-0.454103343,-0.1494,-0.401333333,-0.1204,0.121785714,0.0341,-0.029290035,-0.0092,0.088928571,0.0249,Success Academy,0.0249
7,4233,Level Up Academy,121,76.86%,47.93%,Level Up Academy,152,78.29%,42.11%,Level Up Academy,250,70.40%,43.60%,42.25,54.29,21.18,45.35,Level Up Academy,17.52,31.39,Level Up Academy,-0.498698225,-0.2107,-0.172804533,-0.0366,-0.585325444,-0.2473,-0.16467121,-0.0894,-0.307828004,-0.1396,-0.421808805,-0.229,Level Up Academy,-0.229
7,4239,Tesfa International School,167,10.78%,>=90%,Twin Lakes STEM Academy,231,7.36%,>=90%,Twin Lakes STEM Academy,217,2.30%,>=90%,26.09,26.37,12.22,18.56,Twin Lakes STEM Academy,10.38,20.56,Twin Lakes STEM Academy,-0.531621311,-0.1387,-0.150572831,-0.0184,-0.602146416,-0.1571,-0.29616989,-0.0781,0.107758621,0.02,-0.220326128,-0.0581,Tesfa International School,-0.0581
7,4240,New Century School,294,0.00%,>=90%,New Century School,440,0.45%,83.64%,New Century School,966,1.86%,>=90%,44.97,32.89,21.22,31.05,New Century School,22.49,29.17,New Century School,-0.528129864,-0.2375,0.059849199,0.0127,-0.499888815,-0.2248,-0.055944056,-0.0184,-0.060547504,-0.0188,-0.113104287,-0.0372,New Century School,-0.0372
7,4243,North Metro Flex Academy,229,28.38%,78.60%,North Metro Flex Academy,209,21.05%,71.29%,North Metro Flex Academy,190,24.21%,77.89%,37.37,31.68,18.6,33.85,North Metro Flex Academy,20.77,33.08,North Metro Flex Academy,-0.502274552,-0.1877,0.116666667,0.0217,-0.444206583,-0.166,0.068497475,0.0217,-0.022747415,-0.0077,0.044191919,0.014,North Metro Flex Academy,0.014
7,4244,FIT Academy,266,59.02%,39.47%,FIT Academy,284,61.97%,27.11%,FIT Academy,458,56.11%,42.79%,21.29,43.14,25.16,36.71,FIT Academy,29.92,43.02,FIT Academy,0.181775481,0.0387,0.189189189,0.0476,0.405354627,0.0863,-0.149049606,-0.0643,0.171887769,0.0631,-0.002781641,-0.0012,FIT Academy,0.0863
7,4250,Athlos Academy of Saint Cloud,613,38.01%,69.82%,Athlos Academy of Saint Cloud,529,24.20%,77.69%,Athlos Academy of Saint Cloud,260,22.69%,85.38%,30.48,40.51,14.33,23.57,Athlos Academy of Saint Cloud,11.51,20.69,Athlos Academy of Saint Cloud,-0.529855643,-0.1615,-0.196789951,-0.0282,-0.622375328,-0.1897,-0.418168353,-0.1694,-0.122189224,-0.0288,-0.489261911,-0.1982,Athlos Academy of Saint Cloud,-0.1897
7,4253,Phoenix Academy Charter School,118,98.31%,28.81%,Phoenix Academy Charter School,176,89.20%,28.41%,Phoenix Academy Charter School,156,79.49%,42.95%,27.91,50,30.68,37.08,Phoenix Academy Charter School,48.05,44.16,Phoenix Academy Charter School,0.099247582,0.0277,0.566166884,0.1737,0.721605159,0.2014,-0.2584,-0.1292,0.190938511,0.0708,-0.1168,-0.0584,Phoenix Academy Charter School,0.2014
7,4254,Marine Area Community School,183,94.54%,0.00%,Marine Area Community School,207,90.34%,5.31%,Marine Area Community School,112,93.75%,10.71%,50,60.67,48.96,56.7,Marine Area Community School,38,46,Marine Area Community School,-0.0208,-0.0104,-0.223856209,-0.1096,-0.24,-0.12,-0.065435965,-0.0397,-0.188712522,-0.107,-0.241799901,-0.1467,Marine Area Community School,-0.12
7,4255,Skyline Math and Science Academy ,218,0.00%,88.07%,Skyline Math and Science Academy,233,0.00%,>=90%,Skyline Math and Science Academy,260,0.00%,88.85%,6.67,20,8.87,25.81,Skyline Math and Science Academy ,10,8.33,Skyline Math and Science Academy ,0.329835082,0.022,0.127395716,0.0113,0.499250375,0.0333,0.2905,0.0581,-0.677256877,-0.1748,-0.5835,-0.1167,Skyline Math and Science Academy,0.0333
7,4261,SciTech Academy Charter School,147,0.00%,>=90%,SciTech Academy Charter School,257,0.00%,>=90%,SciTech Academy Charter School,342,0.29%,>=90%,11.84,14.47,3.09,6.75,SciTech Academy Charter School,9.55,15.09,SciTech Academy Charter School,-0.73902027,-0.0875,2.090614887,0.0646,-0.193412162,-0.0229,-0.533517623,-0.0772,1.235555556,0.0834,0.04284727,0.0062,SciTech Academy Charter School,0.0062
7,4264,Gateway STEM Academy,134,0.00%,>=90%,Gateway STEM Academy,228,0.44%,>=90%,Gateway STEM Academy,121,0.00%,>=90%,19.64,21.43,10.19,16.82,Gateway STEM Academy,7.29,17.53,Gateway STEM Academy,-0.481160896,-0.0945,-0.284592738,-0.029,-0.628818737,-0.1235,-0.215118992,-0.0461,0.042211653,0.0071,-0.181987867,-0.039,Gateway STEM Academy,-0.039
61,6004,Freshwater Ed. Dist.,208,83.17%,57.21%,Freshwater Education District,193,83.94%,46.63%,Freshwater Education District,200,77.00%,62.50%,7.02,20.75,5,18.97,Freshwater Education District,14.89,25,Freshwater Education District,-0.287749288,-0.0202,1.978,0.0989,1.121082621,0.0787,-0.085783133,-0.0178,0.317870322,0.0603,0.204819277,0.0425,Freshwater Education District,0.0787
61,6012,Zumbro Education District,168,83.33%,52.98%,Zumbro Education District,159,85.53%,47.80%,Zumbro Education District,176,80.68%,35.80%,7.84,21.95,6.38,11.36,Zumbro Education District,7.41,30,Zumbro Education District,-0.18622449,-0.0146,0.161442006,0.0103,-0.054846939,-0.0043,-0.482460137,-0.1059,1.64084507,0.1864,0.366742597,0.0805,Zumbro Education District,0.0805
61,6026,West Central Education District,79,81.01%,43.04%,West Central Education District,79,63.29%,22.78%,West Central Education District,91,70.33%,24.18%,6.25,4.76,27.27,33.33,West Central Education District,28.57,57.14,West Central Education District,3.3632,0.2102,0.047671434,0.013,3.5712,0.2232,6.00210084,0.2857,0.714371437,0.2381,11.00420168,0.5238,West Central Education District,0.5238
61,6027,MN Valley Education District,92,81.52%,27.17%,MN Valley Education District,59,62.71%,30.51%,Minnesota Valley Education District,41,65.85%,60.98%,12.12,18.75,11.54,14.29,Minnesota Valley Education District,7.14,14.29,Minnesota Valley Education District,-0.047854785,-0.0058,-0.381282496,-0.044,-0.410891089,-0.0498,-0.237866667,-0.0446,0,0,-0.237866667,-0.0446,Minnesota Valley Education District,-0.0446
61,6049,River Bend Education District,174,74.71%,48.28%,River Bend Education District,192,80.73%,30.21%,River Bend Education District,226,73.89%,27.88%,16.98,22.03,2.27,17.07,River Bend Education District,3.85,16.98,River Bend Education District,-0.86631331,-0.1471,0.696035242,0.0158,-0.773262662,-0.1313,-0.225147526,-0.0496,-0.005272408,-0.0009,-0.229232864,-0.0505,River Bend Education District,-0.0505
61,6051,Goodhue County Education District,149,75.84%,44.97%,Goodhue County Education District,260,69.62%,24.62%,Goodhue County Education District,319,72.73%,38.24%,21.05,44.9,9.09,22.86,Goodhue County Education District,8.62,15.79,Goodhue County Education District,-0.568171021,-0.1196,-0.051705171,-0.0047,-0.590498812,-0.1243,-0.490868597,-0.2204,-0.309273841,-0.0707,-0.648329621,-0.2911,Goodhue County Education District,-0.1243
50,6076,Northland Learning Center,153,77.78%,64.71%,Northland Learning Center,167,74.85%,60.48%,Northland Learning Center,164,73.17%,59.15%,8.33,12.5,20.51,30.95,Northland Learning Center,2.17,17.02,Northland Learning Center,1.462184874,0.1218,-0.894197952,-0.1834,-0.739495798,-0.0616,1.476,0.1845,-0.450080775,-0.1393,0.3616,0.0452,Northland Learning Center,0.0452
52,6079,Rum River Special Education Coop,88,80.68%,70.45%,Rum River Special Education Cooperative,83,75.90%,53.01%,Rum River Special Education Cooperative,97,77.32%,69.07%,12.5,19.05,20.69,19.35,Rum River Special Education Cooperative,12,14,Rum River Special Education Cooperative,0.6552,0.0819,-0.420009667,-0.0869,-0.04,-0.005,0.015748031,0.003,-0.276485788,-0.0535,-0.265091864,-0.0505,Rum River Special Education Cooperative,-0.005
52,6083,Southern MN Education Consortium,99,89.90%,44.44%,Southern Minnesota Education Consortium,143,86.01%,30.07%,Southern Minnesota Education Consortium,181,79.01%,69.06%,14.29,35.29,10.53,40,Southern Minnesota Education Consortium,61.54,78.57,Southern Minnesota Education Consortium,-0.263121064,-0.0376,4.844254511,0.5101,3.306508048,0.4725,0.133465571,0.0471,0.96425,0.3857,1.226409748,0.4328,Southern Minnesota Education Consortium,0.4725
52,6090,Sherburne and Northern Wright Special Education Cooperative,175,88.57%,22.29%,Sherburne and Northern Wright Special Education Cooperative,186,84.41%,12.37%,Sherburne and Northern Wright Special Education Cooperative,170,77.65%,25.29%,26.67,36.67,26.83,19.51,Sherburne and Northern Wright Special Education Cooperative,14.29,7.69,Sherburne and Northern Wright Special Education Cooperative,0.00599925,0.0016,-0.467387253,-0.1254,-0.464191976,-0.1238,-0.467957458,-0.1716,-0.605843157,-0.1182,-0.790291792,-0.2898,Sherburne and Northern Wright Special Education Cooperative,-0.1238
52,6094,Cannon Valley Special Education Cooperative,82,79.27%,59.76%,Cannon Valley Special Education Cooperative,86,74.42%,48.84%,Cannon Valley Special Education Cooperative,97,65.98%,42.27%,3.7,26.92,8,23.81,Cannon Valley Special Education Cooperative,15,16.67,Cannon Valley Special Education Cooperative,1.162162162,0.043,0.875,0.07,3.054054054,0.113,-0.115527489,-0.0311,-0.299874003,-0.0714,-0.380757801,-0.1025,Cannon Valley Special Education Cooperative,0.113